constituency_code,constituency,state,no_of_candidates
S22135,KARUR,TAMIL NADU,80
S2212,PERAMBUR,TAMIL NADU,48
S2211,DR.RADHAKRISHNAN NAGAR,TAMIL NADU,39
S2213,KOLATHUR,TAMIL NADU,36
S22120,COIMBATORE,TAMIL NADU,32
S2295,PARAMATHI-VELUR,TAMIL NADU,32
S2288,SALEM,TAMIL NADU,32
S22180,PUDUKKOTTAI,TAMIL NADU,31
S22134,ARAVAKURICHI,TAMIL NADU,31
S2263,TIRUVANNAMALAI,TAMIL NADU,31
S22137,KULITHALAI,TAMIL NADU,30
S2214,VILLIVAKKAM,TAMIL NADU,29
S2217,ROYAPURAM,TAMIL NADU,29
S22121,SINGANALLUR,TAMIL NADU,29
S22136,KRISHNARAYAPURAM,TAMIL NADU,29
S22118,COIMBATORE,TAMIL NADU,29
S2226,VELACHERY,TAMIL NADU,28
S2294,NAMAKKAL,TAMIL NADU,28
S2227,SHOZHINGANALLUR,TAMIL NADU,28
S2219,CHEPAUK-THIRUVALLIKENI,TAMIL NADU,27
S22142,THIRUVERUMBUR,TAMIL NADU,27
S2224,THIYAGARAYANAGAR,TAMIL NADU,27
S22179,VIRALIMALAI,TAMIL NADU,27
S22184,KARAIKUDI,TAMIL NADU,26
S2278,RISHIVANDIYAM,TAMIL NADU,26
S22207,ARUPPUKKOTTAI,TAMIL NADU,26
S22227,NANGUNERI,TAMIL NADU,26
S2222,VIRUGAMPAKKAM,TAMIL NADU,25
S2274,VILUPPURAM,TAMIL NADU,25
S2250,TIRUPPATTUR,TAMIL NADU,25
S2275,VIKRAVANDI,TAMIL NADU,25
S22143,LALGUDI,TAMIL NADU,25
S2221,ANNA NAGAR,TAMIL NADU,25
S22114,TIRUPPUR,TAMIL NADU,25
S2267,ARANI,TAMIL NADU,25
S228,AMBATTUR,TAMIL NADU,24
S2230,PALLAVARAM,TAMIL NADU,24
S2228,ALANDUR,TAMIL NADU,24
S2215,THIRU-VI-KA-NAGAR,TAMIL NADU,24
S2239,SHOLINGUR,TAMIL NADU,24
S2218,HARBOUR,TAMIL NADU,24
S22228,RADHAPURAM,TAMIL NADU,24
S2296,TIRUCHENGODU,TAMIL NADU,24
S2264,KILPENNATHUR,TAMIL NADU,24
S22208,TIRUCHULI,TAMIL NADU,24
S22221,KADAYANALLUR,TAMIL NADU,23
S22202,RAJAPALAYAM,TAMIL NADU,23
S22144,MANACHANALLUR,TAMIL NADU,23
S22204,SATTUR,TAMIL NADU,23
S22222,TENKASI,TAMIL NADU,23
S22111,METTUPPALAYAM,TAMIL NADU,23
S2258,PENNAGARAM,TAMIL NADU,23
S2279,SANKARAPURAM,TAMIL NADU,23
S22119,THONDAMUTHUR,TAMIL NADU,22
S22139,SRIRANGAM,TAMIL NADU,22
S227,MADURAVOYAL,TAMIL NADU,22
S2265,KALASAPAKKAM,TAMIL NADU,22
S22131,NATHAM,TAMIL NADU,22
S2297,KUMARAPALAYAM,TAMIL NADU,22
S2271,MAILAM,TAMIL NADU,22
S22210,TIRUVADANAI,TAMIL NADU,22
S22218,KOVILPATTI,TAMIL NADU,22
S2291,VEERAPANDI,TAMIL NADU,21
S22219,SANKARANKOVIL,TAMIL NADU,21
S22141,TIRUCHIRAPPALLI,TAMIL NADU,21
S22161,MAYILADUTHURAI,TAMIL NADU,21
S22224,TIRUNELVELI,TAMIL NADU,21
S22230,NAGERCOIL,TAMIL NADU,21
S22212,MUDHUKULATHUR,TAMIL NADU,21
S226,AVADI,TAMIL NADU,21
S22132,DINDIGUL,TAMIL NADU,21
S2298,ERODE,TAMIL NADU,21
S2287,SANKARI,TAMIL NADU,21
S22148,KUNNAM,TAMIL NADU,20
S2290,SALEM,TAMIL NADU,20
S2249,JOLARPET,TAMIL NADU,20
S22150,JAYANKONDAM,TAMIL NADU,20
S2225,MYLAPORE,TAMIL NADU,20
S2270,GINGEE,TAMIL NADU,20
S2259,DHARMAPURI,TAMIL NADU,20
S22201,CUMBUM,TAMIL NADU,20
S22138,MANAPPARAI,TAMIL NADU,19
S22198,ANDIPATTI,TAMIL NADU,19
S22152,VRIDDHACHALAM,TAMIL NADU,19
S22220,VASUDEVANALLUR,TAMIL NADU,19
S2285,METTUR,TAMIL NADU,19
S2216,EGMORE,TAMIL NADU,19
S22106,GOBICHETTIPALAYAM,TAMIL NADU,19
S2292,RASIPURAM,TAMIL NADU,19
S2220,THOUSAND LIGHTS,TAMIL NADU,19
S22186,SIVAGANGA,TAMIL NADU,18
S22226,PALAYAMKOTTAI,TAMIL NADU,18
S2248,AMBUR,TAMIL NADU,17
S22102,KANGAYAM,TAMIL NADU,16
S22214,THOOTHUKKUDI,TAMIL NADU,16
S2266,POLUR,TAMIL NADU,16
S2243,VELLORE,TAMIL NADU,16
S22200,BODINAYAKANUR,TAMIL NADU,16
S22133,VEDASANDUR,TAMIL NADU,16
S22116,SULUR,TAMIL NADU,16
S22185,TIRUPPATTUR,TAMIL NADU,16
S22195,THIRUPARANKUNDRAM,TAMIL NADU,16
S229,MADAVARAM,TAMIL NADU,16
S2232,CHENGALPATTU,TAMIL NADU,16
S22130,NILAKKOTTAI,TAMIL NADU,16
S2210,THIRUVOTTIYUR,TAMIL NADU,16
S2282,ATTUR,TAMIL NADU,16
S22189,MADURAI EAST,TAMIL NADU,16
S22146,THURAIYUR,TAMIL NADU,16
S22213,VILATHIKULAM,TAMIL NADU,16
S2273,VANUR,TAMIL NADU,16
S22129,ATHOOR,TAMIL NADU,16
S2241,RANIPET,TAMIL NADU,16
S22167,MANNARGUDI,TAMIL NADU,16
S2262,CHENGAM,TAMIL NADU,16
S2231,TAMBARAM,TAMIL NADU,16
S2253,KRISHNAGIRI,TAMIL NADU,16
S2276,TIRUKKOYILUR,TAMIL NADU,16
S2252,BARGUR,TAMIL NADU,16
S2284,OMALUR,TAMIL NADU,16
S22216,SRIVAIKUNTAM,TAMIL NADU,16
S22115,PALLADAM,TAMIL NADU,16
S22155,CUDDALORE,TAMIL NADU,16
S2247,VANIYAMBADI,TAMIL NADU,16
S2240,KATPADI,TAMIL NADU,16
S2269,VANDAVASI,TAMIL NADU,16
S22113,TIRUPPUR,TAMIL NADU,16
S2237,KANCHEEPURAM,TAMIL NADU,16
S22127,PALANI,TAMIL NADU,16
S22149,ARIYALUR,TAMIL NADU,16
S22183,ARANTHANGI,TAMIL NADU,16
S2286,EDAPPADI,TAMIL NADU,16
S22196,THIRUMANGALAM,TAMIL NADU,16
S2223,SAIDAPET,TAMIL NADU,16
S221,GUMMIDIPOONDI,TAMIL NADU,16
S22206,VIRUDHUNAGAR,TAMIL NADU,16
S22112,AVANASHI,TAMIL NADU,15
S22117,KAVUNDAMPALAYAM,TAMIL NADU,15
S2257,PALACODU,TAMIL NADU,15
S22205,SIVAKASI,TAMIL NADU,15
S22100,MODAKKURICHI,TAMIL NADU,15
S22104,BHAVANI,TAMIL NADU,15
S2242,ARCOT,TAMIL NADU,15
S2261,HARUR,TAMIL NADU,15
S2236,UTHIRAMERUR,TAMIL NADU,15
S22190,SHOLAVANDAN,TAMIL NADU,15
S22169,NANNILAM,TAMIL NADU,15
S22187,MANAMADURAI,TAMIL NADU,15
S2277,ULUNDURPETTAI,TAMIL NADU,15
S224,THIRUVALLUR,TAMIL NADU,15
S22170,THIRUVIDAIMARUDUR,TAMIL NADU,15
S2272,TINDIVANAM,TAMIL NADU,15
S2289,SALEM,TAMIL NADU,15
S22194,MADURAI WEST,TAMIL NADU,15
S22151,TITTAKUDI,TAMIL NADU,15
S22229,KANNIYAKUMARI,TAMIL NADU,15
S22181,THIRUMAYAM,TAMIL NADU,15
S22128,ODDANCHATRAM,TAMIL NADU,15
S22233,VILAVANCODE,TAMIL NADU,15
S2260,PAPPIREDDIPATTI,TAMIL NADU,15
S22182,ALANGUDI,TAMIL NADU,15
S22105,ANTHIYUR,TAMIL NADU,15
S22140,TIRUCHIRAPPALLI,TAMIL NADU,15
S22203,SRIVILLIPUTHUR,TAMIL NADU,15
S223,TIRUTTANI,TAMIL NADU,14
S22171,KUMBAKONAM,TAMIL NADU,14
S22234,KILLIYOOR,TAMIL NADU,14
S2283,YERCAUD,TAMIL NADU,14
S2234,CHEYYUR,TAMIL NADU,14
S22172,PAPANASAM,TAMIL NADU,14
S2254,VEPPANAHALLI,TAMIL NADU,14
S2244,ANAIKATTU,TAMIL NADU,14
S22231,COLACHAL,TAMIL NADU,14
S22123,POLLACHI,TAMIL NADU,14
S22217,OTTAPIDARAM,TAMIL NADU,14
S2281,GANGAVALLI,TAMIL NADU,14
S22215,TIRUCHENDUR,TAMIL NADU,14
S22191,MADURAI NORTH,TAMIL NADU,14
S2229,SRIPERUMBUDUR,TAMIL NADU,14
S22103,PERUNDURAI,TAMIL NADU,14
S22126,MADATHUKULAM,TAMIL NADU,14
S2255,HOSUR,TAMIL NADU,14
S22199,PERIYAKULAM,TAMIL NADU,14
S22157,BHUVANAGIRI,TAMIL NADU,14
S22223,ALANGULAM,TAMIL NADU,14
S22162,POOMPUHAR,TAMIL NADU,14
S22211,RAMANATHAPURAM,TAMIL NADU,14
S22163,NAGAPATTINAM,TAMIL NADU,14
S2238,ARAKKONAM,TAMIL NADU,14
S222,PONNERI,TAMIL NADU,14
S22188,MELUR,TAMIL NADU,14
S2299,ERODE,TAMIL NADU,14
S2268,CHEYYAR,TAMIL NADU,14
S22173,THIRUVAIYARU,TAMIL NADU,14
S2251,UTHANGARAI,TAMIL NADU,14
S22107,BHAVANISAGAR,TAMIL NADU,13
S22209,PARAMAKUDI,TAMIL NADU,13
S2293,SENTHAMANGALAM,TAMIL NADU,13
S22193,MADURAI CENTRAL,TAMIL NADU,13
S22197,USILAMPATTI,TAMIL NADU,13
S22153,NEYVELI,TAMIL NADU,12
S22176,PATTUKKOTTAI,TAMIL NADU,12
S22232,PADMANABHAPURAM,TAMIL NADU,12
S22125,UDUMALAIPETTAI,TAMIL NADU,12
S22159,KATTUMANNARKOIL,TAMIL NADU,12
S2280,KALLAKURICHI,TAMIL NADU,12
S2233,THIRUPORUR,TAMIL NADU,12
S225,POONAMALLEE,TAMIL NADU,12
S22165,VEDARANYAM,TAMIL NADU,12
S2246,GUDIYATTAM,TAMIL NADU,12
S22147,PERAMBALUR,TAMIL NADU,12
S22174,THANJAVUR,TAMIL NADU,12
S2245,KILVAITHINANKUPPAM,TAMIL NADU,12
S22158,CHIDAMBARAM,TAMIL NADU,12
S22156,KURINJIPADI,TAMIL NADU,12
S22145,MUSIRI,TAMIL NADU,12
S22160,SIRKAZHI,TAMIL NADU,11
S2256,THALLI,TAMIL NADU,11
S22178,GANDHARVAKOTTAI,TAMIL NADU,11
S22177,PERAVURANI,TAMIL NADU,11
S22166,THIRUTHURAIPOONDI,TAMIL NADU,10
S22101,DHARAPURAM,TAMIL NADU,10
S2235,MADURANTAKAM,TAMIL NADU,10
S22175,ORATHANADU,TAMIL NADU,10
S22154,PANRUTI,TAMIL NADU,10
S22168,THIRUVARUR,TAMIL NADU,9
S22164,KILVELUR,TAMIL NADU,8
S22110,COONOOR,TAMIL NADU,7
S22124,VALPARAI,TAMIL NADU,7
S22108,UDHAGAMANDALAM,TAMIL NADU,7
S22109,GUDALUR,TAMIL NADU,7
S22192,MADURAI SOUTH,TAMIL NADU,7
S22225,AMBASAMUDRAM,TAMIL NADU,6
S22122,KINATHUKADAVU,TAMIL NADU,6
