state,party,seats_participated,seats_won,success_ratio
BIHAR,Bharatiya Janata Party,101,88,87.12871287128712871300
BIHAR,Hindustani Awam Morcha (Secular),6,5,83.33333333333333333300
BIHAR,Janata Dal (United),101,84,83.16831683168316831700
BIHAR,Lok Janshakti Party (Ram Vilas),28,19,67.85714285714285714300
BIHAR,Rashtriya Lok Morcha,6,4,66.66666666666666666700
BIHAR,Indian Inclusive Party,3,1,33.33333333333333333300
BIHAR,Communist Party of India (Marxist),4,1,25.00000000000000000000
BIHAR,All India Majlis-E-Ittehadul Muslimeen,28,5,17.85714285714285714300
BIHAR,Rashtriya Janata Dal,143,25,17.48251748251748251700
BIHAR,Communist Party of India (Marxist-Leninist) (Liberation),20,2,10.00000000000000000000
BIHAR,Indian National Congress,61,6,9.83606557377049180300
BIHAR,Bahujan Samaj Party,179,1,0.55865921787709497200
BIHAR,None of the Above,241,0,0.00000000000000000000
BIHAR,Jan Suraaj Party,236,0,0.00000000000000000000
BIHAR,Independent,230,0,0.00000000000000000000
BIHAR,Aam Aadmi Party,83,0,0.00000000000000000000
BIHAR,Rashtriya Jansambhavna Party,50,0,0.00000000000000000000
BIHAR,Janshakti Janta Dal,45,0,0.00000000000000000000
BIHAR,Jagrook Janta Party,40,0,0.00000000000000000000
BIHAR,Rashtriya Lok Janshakti Party,36,0,0.00000000000000000000
BIHAR,Socialist Unity Centre Of India (COMMUNIST),36,0,0.00000000000000000000
BIHAR,Suheldev Bharatiya Samaj Party,27,0,0.00000000000000000000
BIHAR,Peoples Party of India (Democratic),27,0,0.00000000000000000000
BIHAR,Samata Party,19,0,0.00000000000000000000
BIHAR,The Plurals Party,18,0,0.00000000000000000000
BIHAR,Aazad Samaj Party (Kanshi Ram),18,0,0.00000000000000000000
BIHAR,Nationalist Congress Party,15,0,0.00000000000000000000
BIHAR,Bhartiya Lok Chetna Party,15,0,0.00000000000000000000
BIHAR,Vikassheel Insaan Party,12,0,0.00000000000000000000
BIHAR,Proutist Bloc India,9,0,0.00000000000000000000
BIHAR,Aam Janta Pragati Party,9,0,0.00000000000000000000
BIHAR,Communist Party of India,9,0,0.00000000000000000000
BIHAR,Socialist Party (India),8,0,0.00000000000000000000
BIHAR,Right to Recall Party,8,0,0.00000000000000000000
BIHAR,Vikas Vanchit Insan Party,7,0,0.00000000000000000000
BIHAR,Rashtrawadi Janlok Party (Satya),7,0,0.00000000000000000000
BIHAR,Indian National Socialistic Action Forces,7,0,0.00000000000000000000
BIHAR,Bhagidari Party(P),7,0,0.00000000000000000000
BIHAR,Janshakti Vikas Party (Democratic),7,0,0.00000000000000000000
BIHAR,Bhartiya Sarthak Party,6,0,0.00000000000000000000
BIHAR,Bajjikanchal Vikas Party,6,0,0.00000000000000000000
BIHAR,Lohiya Janta Dal,6,0,0.00000000000000000000
BIHAR,Jantantra Awaj Party,6,0,0.00000000000000000000
BIHAR,Bharatiya Momin Front,5,0,0.00000000000000000000
BIHAR,Apna Kisan Party,5,0,0.00000000000000000000
BIHAR,The National Road Map Party of India,5,0,0.00000000000000000000
BIHAR,Peace Party,5,0,0.00000000000000000000
BIHAR,Akhil Hind Forward Bloc (Krantikari),5,0,0.00000000000000000000
BIHAR,Kisan Sangharsh Samiti,4,0,0.00000000000000000000
BIHAR,Rashtriya Sanatan Party,4,0,0.00000000000000000000
BIHAR,All India Forward Bloc,4,0,0.00000000000000000000
BIHAR,Moolniwasi Samaj Party,4,0,0.00000000000000000000
BIHAR,Kisan Suraj Dal,4,0,0.00000000000000000000
BIHAR,Samajwadi Lok Parishad,4,0,0.00000000000000000000
BIHAR,Swaraj Party (Loktantrik),4,0,0.00000000000000000000
BIHAR,Gondvana Gantantra Party,4,0,0.00000000000000000000
BIHAR,Gantantrik Samaj Party,4,0,0.00000000000000000000
BIHAR,Janta Dal Rashtravadi,3,0,0.00000000000000000000
BIHAR,Bharat Jan Jagran Dal,3,0,0.00000000000000000000
BIHAR,Bhartiya Mahasangh Party,3,0,0.00000000000000000000
BIHAR,Bhartiya Party (Loktantrik),3,0,0.00000000000000000000
BIHAR,Aadarsh Mithila Party,3,0,0.00000000000000000000
BIHAR,Apna Adhikar Party,3,0,0.00000000000000000000
BIHAR,Ambedkar National Congress,3,0,0.00000000000000000000
BIHAR,Akhil Bharatiya Jan Sangh,3,0,0.00000000000000000000
BIHAR,Desh Janhit Party,3,0,0.00000000000000000000
BIHAR,Voters Party International,3,0,0.00000000000000000000
BIHAR,Sathi Aur Aapka Faisala Party,3,0,0.00000000000000000000
BIHAR,Sanyukt Kisan Vikas Party,3,0,0.00000000000000000000
BIHAR,Republican Party of India (A),3,0,0.00000000000000000000
BIHAR,Rashtriya Samajwadi Lok Adhikar Party,3,0,0.00000000000000000000
BIHAR,Rashtriya Samaj Paksha,3,0,0.00000000000000000000
BIHAR,Lok Shakti Party (Loktantrik),3,0,0.00000000000000000000
BIHAR,Lok Chetna Dal,3,0,0.00000000000000000000
BIHAR,Apni Janta Party,3,0,0.00000000000000000000
BIHAR,Social Democratic Party Of India,2,0,0.00000000000000000000
BIHAR,Akhil Bharatiya Socialist Party,2,0,0.00000000000000000000
BIHAR,Hindustani Awam Manch (United),2,0,0.00000000000000000000
BIHAR,Akhand Bhartiya Yuva Party,2,0,0.00000000000000000000
BIHAR,Bharatiya Ekta Dal,2,0,0.00000000000000000000
BIHAR,Insaniyat Party,2,0,0.00000000000000000000
BIHAR,Aam Janta Party Rashtriya,2,0,0.00000000000000000000
BIHAR,Bharatiya Sampuran Krantikari Party,2,0,0.00000000000000000000
BIHAR,Bharat Jago Janta Party,2,0,0.00000000000000000000
BIHAR,Bhojpuria Jan Morcha,2,0,0.00000000000000000000
BIHAR,GaribJanta Party Loktantrik,2,0,0.00000000000000000000
BIHAR,Lok Dal,2,0,0.00000000000000000000
BIHAR,Mithilawadi party,2,0,0.00000000000000000000
BIHAR,New India United Party,2,0,0.00000000000000000000
BIHAR,Panchpauniya Samaj Party,2,0,0.00000000000000000000
BIHAR,Prism,2,0,0.00000000000000000000
BIHAR,Proutist Sarva Samaj,2,0,0.00000000000000000000
BIHAR,Rashtriya Sab Janshakti Party,2,0,0.00000000000000000000
BIHAR,Rashtriya Ulama Council,2,0,0.00000000000000000000
BIHAR,Samaj Satta Dal,2,0,0.00000000000000000000
BIHAR,Sampoorna Bharat Kranti Party,2,0,0.00000000000000000000
BIHAR,Vanchit Adhikar Party,2,0,0.00000000000000000000
BIHAR,Vikas Insaf Party,2,0,0.00000000000000000000
BIHAR,Vocal India Party,2,0,0.00000000000000000000
BIHAR,Wazib Adhikar Party,2,0,0.00000000000000000000
BIHAR,Open peoples Party,1,0,0.00000000000000000000
BIHAR,Uday Bharatam Party,1,0,0.00000000000000000000
BIHAR,Parivartan Party of India,1,0,0.00000000000000000000
BIHAR,Janta Kranti Party (Rashtravadi),1,0,0.00000000000000000000
BIHAR,Jansatta Party of India,1,0,0.00000000000000000000
BIHAR,Political Team India,1,0,0.00000000000000000000
BIHAR,Prabal Bharat Party,1,0,0.00000000000000000000
BIHAR,Country Citizen Party,1,0,0.00000000000000000000
BIHAR,Jan Sahmati Party,1,0,0.00000000000000000000
BIHAR,Yuva Samriddhi Dal,1,0,0.00000000000000000000
BIHAR,Rashtra Sewa Dal,1,0,0.00000000000000000000
BIHAR,Jan Mithila Vikas Party,1,0,0.00000000000000000000
BIHAR,Jai Hind Party,1,0,0.00000000000000000000
BIHAR,Jai Hind Force,1,0,0.00000000000000000000
BIHAR,Rashtriya Jantantrik Morcha,1,0,0.00000000000000000000
BIHAR,Rashtriya Jan Vikas Party,1,0,0.00000000000000000000
BIHAR,Rashtriya Janwadi Party (Socialist),1,0,0.00000000000000000000
BIHAR,Asankhya Samaj Party,1,0,0.00000000000000000000
BIHAR,Awami Samta Party,1,0,0.00000000000000000000
BIHAR,Rashtriya Lok Samta Party,1,0,0.00000000000000000000
BIHAR,Rashtriya Republican Party,1,0,0.00000000000000000000
BIHAR,Fauji Janta Party,1,0,0.00000000000000000000
BIHAR,Bharateeya Manavadhikar party,1,0,0.00000000000000000000
BIHAR,Bihar Justice Party,1,0,0.00000000000000000000
BIHAR,Rashtriya Samanta Dal,1,0,0.00000000000000000000
BIHAR,Bharatheeya Jawan Kisan Party,1,0,0.00000000000000000000
BIHAR,Rashtriya Secular Majlis Party,1,0,0.00000000000000000000
BIHAR,Rashtriya Suraksha Party,1,0,0.00000000000000000000
BIHAR,Ekta Dal United,1,0,0.00000000000000000000
BIHAR,Bhartiya Rashtriya Dal,1,0,0.00000000000000000000
BIHAR,Republican Party of India (Bhimrao Ambedkar),1,0,0.00000000000000000000
BIHAR,Aapki Apni Adhikar Party,1,0,0.00000000000000000000
BIHAR,Vishvas Yogya Party,1,0,0.00000000000000000000
BIHAR,Samaj Shakti Party,1,0,0.00000000000000000000
BIHAR,Bhartiya Insan Party,1,0,0.00000000000000000000
BIHAR,Bhartiya Dalit Party,1,0,0.00000000000000000000
BIHAR,Yuva Devlop Party,1,0,0.00000000000000000000
BIHAR,Bharat Ka Kisan Majdoor Party,1,0,0.00000000000000000000
BIHAR,Sarv Jan Party (Bharat),1,0,0.00000000000000000000
BIHAR,Sarvjan Sanatan Party,1,0,0.00000000000000000000
BIHAR,Sarvlokhit Samaj Party,1,0,0.00000000000000000000
BIHAR,Bhartiya Chetna Party,1,0,0.00000000000000000000
BIHAR,Adarsh Jankalyan Dal,1,0,0.00000000000000000000
BIHAR,Akhand Bharat Janpriya Party,1,0,0.00000000000000000000
BIHAR,Akhand Bharat Vikas Party,1,0,0.00000000000000000000
BIHAR,Sudharwadi Party,1,0,0.00000000000000000000
BIHAR,Hindustan Vikas Dal,1,0,0.00000000000000000000
BIHAR,Swadhinta Party,1,0,0.00000000000000000000
BIHAR,Garib Janshakti Party,1,0,0.00000000000000000000
BIHAR,Swatantra Samaj Party,1,0,0.00000000000000000000
BIHAR,Lok Samaj Party,1,0,0.00000000000000000000
BIHAR,Loktantrik Jan Swaraj Party,1,0,0.00000000000000000000
BIHAR,Mazdoor Ekta Party,1,0,0.00000000000000000000
BIHAR,Minorities Democratic Party,1,0,0.00000000000000000000
BIHAR,Mithilanchal Mukti Morcha,1,0,0.00000000000000000000
BIHAR,All India Majlis-E-Inquilab-E-Millat,1,0,0.00000000000000000000
BIHAR,Lokhit Adhikar Party,1,0,0.00000000000000000000
BIHAR,Moulik Adhikar Party,1,0,0.00000000000000000000
BIHAR,Kisan Samaj Party (S),1,0,0.00000000000000000000
BIHAR,National Peoples Party,1,0,0.00000000000000000000
BIHAR,Nayak Yuva Kranti Party,1,0,0.00000000000000000000
BIHAR,Gana Suraksha Party,1,0,0.00000000000000000000
BIHAR,Jantantrik Lokhit Party,1,0,0.00000000000000000000
