state,constituency,constituency_code,runner_up_party,runner_up_votes,winning_party,winning_votes,vote_difference
BIHAR,SANDESH,S04192,Rashtriya Janata Dal,80571,Janata Dal (United),80598,27
BIHAR,NABINAGAR,S04221,Rashtriya Janata Dal,80268,Janata Dal (United),80380,112
BIHAR,BAKHTIARPUR,S04180,Rashtriya Janata Dal,87539,Lok Janshakti Party (Ram Vilas),88520,981
BIHAR,TARAIYA,S04116,Rashtriya Janata Dal,84235,Bharatiya Janata Party,85564,1329
BIHAR,NARKATIA,S0412,Rashtriya Janata Dal,103007,Janata Dal (United),104450,1443
BIHAR,BELAGANJ,S04232,Rashtriya Janata Dal,92803,Janata Dal (United),95685,2882
BIHAR,SINGHESHWAR,S0472,Rashtriya Janata Dal,103434,Janata Dal (United),106416,2982
BIHAR,BAJPATTI,S0427,Rashtriya Janata Dal,95749,Rashtriya Lok Morcha,99144,3395
BIHAR,AMNOUR,S04120,Rashtriya Janata Dal,71717,Bharatiya Janata Party,75525,3808
BIHAR,RAJAULI,S04235,Rashtriya Janata Dal,86319,Lok Janshakti Party (Ram Vilas),90272,3953
BIHAR,CHERIA,S04141,Rashtriya Janata Dal,70962,Janata Dal (United),75081,4119
BIHAR,JHAJHA,S04242,Rashtriya Janata Dal,104055,Janata Dal (United),108317,4262
BIHAR,SONEPUR,S04122,Rashtriya Janata Dal,86075,Bharatiya Janata Party,90842,4767
BIHAR,KURTHA,S04215,Rashtriya Janata Dal,68985,Janata Dal (United),74466,5481
BIHAR,MADHUBAN,S0418,Rashtriya Janata Dal,80510,Bharatiya Janata Party,86002,5492
BIHAR,SITAMARHI,S0428,Rashtriya Janata Dal,98664,Bharatiya Janata Party,104226,5562
BIHAR,GAURA BAURAM,S0479,Rashtriya Janata Dal,72013,Bharatiya Janata Party,77682,5669
BIHAR,TRIVENIGANJ,S0444,Rashtriya Janata Dal,99579,Janata Dal (United),105262,5683
BIHAR,HARSIDHI,S0413,Rashtriya Janata Dal,89769,Bharatiya Janata Party,96864,7095
BIHAR,KEOTI,S0486,Rashtriya Janata Dal,81818,Bharatiya Janata Party,89123,7305
BIHAR,CHAPRA,S04118,Rashtriya Janata Dal,79245,Bharatiya Janata Party,86845,7600
BIHAR,MASAURHI,S04189,Rashtriya Janata Dal,98862,Janata Dal (United),106505,7643
BIHAR,PRANPUR,S0466,Rashtriya Janata Dal,100813,Bharatiya Janata Party,108565,7752
BIHAR,HASANPUR,S04140,Rashtriya Janata Dal,83047,Janata Dal (United),90961,7914
BIHAR,SIMRI BAKHTIARPUR,S0476,Rashtriya Janata Dal,101769,Lok Janshakti Party (Ram Vilas),109699,7930
BIHAR,CHAINPUR,S04206,Rashtriya Janata Dal,62514,Janata Dal (United),70876,8362
BIHAR,BARACHATTI,S04228,Rashtriya Janata Dal,99378,Hindustani Awam Morcha (Secular),108271,8893
BIHAR,SIWAN,S04105,Rashtriya Janata Dal,83009,Bharatiya Janata Party,92379,9370
BIHAR,KURHANI,S0493,Rashtriya Janata Dal,98093,Bharatiya Janata Party,107811,9718
BIHAR,DINARA,S04210,Rashtriya Janata Dal,67504,Rashtriya Lok Morcha,78338,10834
BIHAR,KATORIA,S04162,Rashtriya Janata Dal,83274,Bharatiya Janata Party,94260,10986
BIHAR,MOHIUDDINNAGAR,S04137,Rashtriya Janata Dal,77526,Bharatiya Janata Party,89208,11682
BIHAR,ALINAGAR,S0481,Rashtriya Janata Dal,73185,Bharatiya Janata Party,84915,11730
BIHAR,RAFIGANJ,S04224,Rashtriya Janata Dal,95559,Janata Dal (United),107515,11956
BIHAR,BAHADURPUR,S0485,Rashtriya Janata Dal,84289,Janata Dal (United),96300,12011
BIHAR,OBRA,S04220,Rashtriya Janata Dal,79625,Lok Janshakti Party (Ram Vilas),91638,12013
BIHAR,BARHARIA,S04110,Rashtriya Janata Dal,81464,Janata Dal (United),93600,12136
BIHAR,HATHUA,S04104,Rashtriya Janata Dal,79773,Janata Dal (United),92121,12348
BIHAR,BARAULI,S04100,Rashtriya Janata Dal,76283,Janata Dal (United),88657,12374
BIHAR,GORIAKOTHI,S04111,Rashtriya Janata Dal,93524,Bharatiya Janata Party,105909,12385
BIHAR,KHAJAULI,S0433,Rashtriya Janata Dal,88025,Bharatiya Janata Party,101151,13126
BIHAR,SAHEBGANJ,S0498,Rashtriya Janata Dal,92800,Bharatiya Janata Party,106322,13522
BIHAR,SHERGHATI,S04226,Rashtriya Janata Dal,63746,Lok Janshakti Party (Ram Vilas),77270,13524
BIHAR,MOTIHARI,S0419,Rashtriya Janata Dal,92517,Bharatiya Janata Party,106080,13563
BIHAR,SAMASTIPUR,S04133,Rashtriya Janata Dal,81853,Janata Dal (United),95728,13875
BIHAR,BARHARA,S04193,Rashtriya Janata Dal,65190,Bharatiya Janata Party,79593,14403
BIHAR,SHAHPUR,S04198,Rashtriya Janata Dal,73430,Bharatiya Janata Party,88655,15225
BIHAR,BANIAPUR,S04115,Rashtriya Janata Dal,80170,Bharatiya Janata Party,95606,15436
BIHAR,KALYANPUR,S0416,Rashtriya Janata Dal,73489,Bharatiya Janata Party,89057,15568
BIHAR,HILSA,S04175,Rashtriya Janata Dal,79997,Janata Dal (United),96009,16012
BIHAR,CHHATAPUR,S0445,Rashtriya Janata Dal,106313,Bharatiya Janata Party,122491,16178
BIHAR,BAIKUNTHPUR,S0499,Rashtriya Janata Dal,87180,Bharatiya Janata Party,104133,16953
BIHAR,BABUBARHI,S0434,Rashtriya Janata Dal,80653,Janata Dal (United),98221,17568
BIHAR,JAGDISHPUR,S04197,Rashtriya Janata Dal,74781,Janata Dal (United),92974,18193
BIHAR,DARBHANGA RURAL,S0482,Rashtriya Janata Dal,62232,Janata Dal (United),80624,18392
BIHAR,HAJIPUR,S04123,Rashtriya Janata Dal,94712,Bharatiya Janata Party,113221,18509
BIHAR,MUNGER,S04165,Rashtriya Janata Dal,89278,Bharatiya Janata Party,108028,18750
BIHAR,RUNNISAIDPUR,S0429,Rashtriya Janata Dal,73935,Janata Dal (United),93672,19737
BIHAR,BOCHAHAN,S0491,Rashtriya Janata Dal,87870,Lok Janshakti Party (Ram Vilas),108186,20316
BIHAR,MADHUBANI,S0436,Rashtriya Janata Dal,77404,Rashtriya Lok Morcha,97956,20552
BIHAR,SARAIRANJAN,S04136,Rashtriya Janata Dal,81994,Janata Dal (United),102792,20798
BIHAR,MAHARAJGANJ,S04112,Rashtriya Janata Dal,65714,Janata Dal (United),86813,21099
BIHAR,PATEPUR,S04130,Rashtriya Janata Dal,85976,Bharatiya Janata Party,108356,22380
BIHAR,DHORAIYA,S04160,Rashtriya Janata Dal,90585,Janata Dal (United),113011,22426
BIHAR,SHEIKHPURA,S04169,Rashtriya Janata Dal,60375,Janata Dal (United),82922,22547
BIHAR,BELSAND,S0430,Rashtriya Janata Dal,59391,Lok Janshakti Party (Ram Vilas),82076,22685
BIHAR,EKMA,S04113,Rashtriya Janata Dal,61369,Janata Dal (United),84077,22708
BIHAR,GOBINDPUR,S04238,Rashtriya Janata Dal,49675,Lok Janshakti Party (Ram Vilas),72581,22906
BIHAR,KOCHADHAMAN,S0455,Rashtriya Janata Dal,58839,All India Majlis-E-Ittehadul Muslimeen,81860,23021
BIHAR,GAIGHAT,S0488,Rashtriya Janata Dal,84687,Janata Dal (United),108104,23417
BIHAR,SURSAND,S0426,Rashtriya Janata Dal,80490,Janata Dal (United),104157,23667
BIHAR,SURYAGARHA,S04167,Rashtriya Janata Dal,78107,Janata Dal (United),101968,23861
BIHAR,SIKANDRA,S04240,Rashtriya Janata Dal,67696,Hindustani Awam Morcha (Secular),91603,23907
BIHAR,NOKHA,S04211,Rashtriya Janata Dal,69139,Janata Dal (United),93193,24054
BIHAR,GURUA,S04225,Rashtriya Janata Dal,75564,Bharatiya Janata Party,99758,24194
BIHAR,BHABUA,S04205,Rashtriya Janata Dal,55624,Bharatiya Janata Party,80039,24415
BIHAR,BARH,S04179,Rashtriya Janata Dal,74633,Bharatiya Janata Party,99446,24813
BIHAR,NARPATGANJ,S0446,Rashtriya Janata Dal,95204,Bharatiya Janata Party,120557,25353
BIHAR,NATHNAGAR,S04158,Rashtriya Janata Dal,92719,Lok Janshakti Party (Ram Vilas),118143,25424
BIHAR,SASARAM,S04208,Rashtriya Janata Dal,79563,Rashtriya Lok Morcha,105006,25443
BIHAR,LAUKAHA,S0440,Rashtriya Janata Dal,86250,Janata Dal (United),111761,25511
BIHAR,ATRI,S04233,Rashtriya Janata Dal,76325,Hindustani Awam Morcha (Secular),102102,25777
BIHAR,KANTI,S0495,Rashtriya Janata Dal,91504,Janata Dal (United),117299,25795
BIHAR,IMAMGANJ,S04227,Rashtriya Janata Dal,79005,Hindustani Awam Morcha (Secular),104861,25856
BIHAR,NARKATIAGANJ,S043,Rashtriya Janata Dal,73586,Bharatiya Janata Party,100044,26458
BIHAR,NAWADA,S04237,Rashtriya Janata Dal,59829,Janata Dal (United),87423,27594
BIHAR,MOKAMA,S04178,Rashtriya Janata Dal,63210,Janata Dal (United),91416,28206
BIHAR,DANAPUR,S04186,Rashtriya Janata Dal,90744,Bharatiya Janata Party,119877,29133
BIHAR,SULTANGANJ,S04157,Rashtriya Janata Dal,77576,Janata Dal (United),108712,31136
BIHAR,SHEOHAR,S0422,Rashtriya Janata Dal,65871,Janata Dal (United),97269,31398
BIHAR,BIHARIGANJ,S0471,Rashtriya Janata Dal,85000,Janata Dal (United),116622,31622
BIHAR,LALGANJ,S04124,Rashtriya Janata Dal,95483,Bharatiya Janata Party,127650,32167
BIHAR,ISLAMPUR,S04174,Rashtriya Janata Dal,68248,Janata Dal (United),100487,32239
BIHAR,VAISHALI,S04125,Rashtriya Janata Dal,75787,Janata Dal (United),108377,32590
BIHAR,PARBATTA,S04151,Rashtriya Janata Dal,84638,Lok Janshakti Party (Ram Vilas),118677,34039
BIHAR,MINAPUR,S0490,Rashtriya Janata Dal,79173,Janata Dal (United),113411,34238
BIHAR,RAMNAGAR,S042,Rashtriya Janata Dal,79534,Bharatiya Janata Party,115214,35680
BIHAR,ALAULI,S04148,Rashtriya Janata Dal,57476,Janata Dal (United),93208,35732
BIHAR,DEHRI,S04212,Rashtriya Janata Dal,68054,Lok Janshakti Party (Ram Vilas),104022,35968
BIHAR,BELHAR,S04163,Rashtriya Janata Dal,78187,Janata Dal (United),115393,37206
BIHAR,NIRMALI,S0441,Rashtriya Janata Dal,81594,Janata Dal (United),118904,37310
BIHAR,MAHNAR,S04129,Rashtriya Janata Dal,59492,Janata Dal (United),98050,38558
BIHAR,CHIRAIA,S0420,Rashtriya Janata Dal,51212,Bharatiya Janata Party,90572,39360
BIHAR,ASTHAWAN,S04171,Rashtriya Janata Dal,49834,Janata Dal (United),90542,40708
BIHAR,RAJNAGAR,S0437,Rashtriya Janata Dal,66177,Bharatiya Janata Party,108362,42185
BIHAR,MAHUA,S04126,Rashtriya Janata Dal,42644,Lok Janshakti Party (Ram Vilas),87641,44997
BIHAR,TARAPUR,S04164,Rashtriya Janata Dal,76637,Bharatiya Janata Party,122480,45843
