constituency_code,candidate,party,constituency,state,votes
S1140,P.K KUNHALIKUTTY,Indian Union Muslim League,MALAPPURAM,KERALA,131632
S1136,A.P ANILKUMAR,Indian National Congress,WANDOOR,KERALA,121074
S1146,PROF. ABID HUSSAIN THANGAL,Indian Union Muslim League,KOTTAKKAL,KERALA,118111
S1133,T.P. ASHRAFALI,Indian Union Muslim League,KONDOTTY,KERALA,114997
S1137,ADV. M. RAHMATHULLA,Indian Union Muslim League,MANJERI,KERALA,113622
S1135,ARYADAN SHOUKATH,Indian National Congress,NILAMBUR,KERALA,113586
S1143,P M A SAMEER,Indian Union Muslim League,TIRURANGADI,KERALA,111869
S1139,MANJALAMKUZHI ALI,Indian Union Muslim League,MANKADA,KERALA,110692
S1145,KURUKKOLI MOIDEEN,Indian Union Muslim League,TIRUR,KERALA,106108
S1138,NAJEEB KANTHAPURAM,Indian Union Muslim League,PERINTHALMANNA,KERALA,104888
S1142,T V IBRAHIM,Indian Union Muslim League,VALLIKUNNU,KERALA,100718
S1122,K.M. ABHIJITH,Indian National Congress,NADAPURAM,KERALA,99763
S1134,P.K.BASHEER,Indian Union Muslim League,ERNAD,KERALA,98547
S1119,ADV. T SIDDIQUE,Indian National Congress,KALPETTA,KERALA,97379
S111,A K M ASHRAF,Indian Union Muslim League,MANJESHWAR,KERALA,96948
S1141,K.M. SHAJI,Indian Union Muslim League,VENGARA,KERALA,95863
S1131,P K FIROS,Indian Union Muslim League,KODUVALLY,KERALA,95164
S1125,V.T. SOORAJ,Indian National Congress,BALUSSERI,KERALA,94804
S1144,P K NAVAS,Indian Union Muslim League,TANUR,KERALA,91992
S1130,M.A. RAZAK MASTER,Indian Union Muslim League,KUNNAMANGALAM,KERALA,91598
S118,T K GOVINDAN MASTER S/O KUNHIKKANNAN NAMBIAR,Independent,TALIPARAMBA,KERALA,91339
S119,ADV. SAJEEV JOSEPH,Indian National Congress,IRIKKUR,KERALA,90895
S1154,ADV. N. SAMSUDHEEN,Indian Union Muslim League,MANNARKKAD,KERALA,90606
S1186,DR. MATHEW KUZHALNADAN,Indian National Congress,MUVATTUPUZHA,KERALA,89914
S1185,ANOOP JACOB,Kerala Congress (Jacob),PIRAVOM,KERALA,89551
S1121,PARAKKAL ABDULLA,Indian Union Muslim League,KUTTIADI,KERALA,88197
S11123,P. C. VISHNUNADH,Indian National Congress,KUNDARA,KERALA,87862
S1112,PINARAYI VIJAYAN,Communist Party of India (Marxist),DHARMADAM,KERALA,85614
S1190,APU JOHN JOSEPH,Kerala Congress,THODUPUZHA,KERALA,84796
S1198,ADV. CHANDY OOMMEN,Indian National Congress,PUTHUPPALLY,KERALA,84031
S1176,ANWAR SADATH,Indian National Congress,ALUVA,KERALA,83899
S1183,UMA THOMAS,Indian National Congress,THRIKKAKARA,KERALA,83375
S11103,P. PRASAD,Communist Party of India,CHERTHALA,KERALA,83216
S115,SANDEEP VARIER,Indian National Congress,TRIKARIPUR,KERALA,83109
S11116,C.R. MAHESH,Indian National Congress,KARUNAGAPPALLY,KERALA,82593
S1145,V.ABDURAHIMAN,Communist Party of India (Marxist),TIRUR,KERALA,81971
S1129,P.A MOHAMED RIYAS,Communist Party of India (Marxist),BEYPORE,KERALA,81849
S11118,ULLAS  KOVUR,Revolutionary Socialist Party,KUNNATHUR,KERALA,81488
S1115,V K  SANOJ,Communist Party of India (Marxist),MATTANNUR,KERALA,81456
S1124,ADV. FATHIMA THAHILIYA,Indian Union Muslim League,PERAMBRA,KERALA,81429
S117,M.VIJIN,Communist Party of India (Marxist),KALLIASSERI,KERALA,81428
S11104,A.D THOMAS,Indian National Congress,ALAPPUZHA,KERALA,81065
S1148,K.P NOUSHAD ALI,Indian National Congress,PONNANI,KERALA,80674
S1177,ADV. V E ABDUL GAFOOR,Indian Union Muslim League,KALAMASSERY,KERALA,80606
S1150,MUHAMMED MUHASSIN,Communist Party of India,PATTAMBI,KERALA,80062
S114,ADV. GOVINDAN PALLIKAPPIL,Communist Party of India,KANHANGAD,KERALA,79920
S1123,ADV. K. PRAVEEN KUMAR,Indian National Congress,QUILANDY,KERALA,79913
S1147,ADV. V S JOY,Indian National Congress,THAVANUR,KERALA,79661
S11139,ADV. M.VINCENT,Indian National Congress,KOVALAM,KERALA,79661
S1118,I C BALAKRISHNAN,Indian National Congress,SULTHANBATHERY,KERALA,78936
S113,NEELAKANDAN,Indian National Congress,UDMA,KERALA,78910
S118,P K SHYAMALA TEACHER,Communist Party of India (Marxist),TALIPARAMBA,KERALA,78788
S115,DR. V P P MUSTAFA,Communist Party of India (Marxist),TRIKARIPUR,KERALA,78678
S1178,ADV.V.D.SATHEESAN,Indian National Congress,PARAVUR,KERALA,78658
S1175,ROJI M JOHN,Indian National Congress,ANGAMALY,KERALA,78331
S1130,ADV. P T A RAHIM,Independent,KUNNAMANGALAM,KERALA,78285
S1125,ADV. K.M. SACHINDEV,Communist Party of India (Marxist),BALUSSERI,KERALA,77824
S1126,ADV.VIDYA BALAKRISHNAN,Indian National Congress,ELATHUR,KERALA,77662
S1117,USHA VIJAYAN,Indian National Congress,MANANTHAVADY,KERALA,77425
S1121,K. P. KUNHAMMEDKUTTY MASTER,Communist Party of India (Marxist),KUTTIADI,KERALA,77275
S1132,C K KASIM,Indian Union Muslim League,THIRUVAMBADI,KERALA,77140
S11108,ADV.M.LIJU,Indian National Congress,KAYAMKULAM,KERALA,76651
S116,V. KUNHIKRISHNAN,Independent,PAYYANNUR,KERALA,76640
S1149,V T BALRAM,Indian National Congress,THRITHALA,KERALA,76427
S112,KALLATRA MAHIN,Indian Union Muslim League,KASARAGOD,KERALA,76396
S1124,T. P. RAMAKRISHNAN,Communist Party of India (Marxist),PERAMBRA,KERALA,76342
S1122,ADV.P. VASANTHAM,Communist Party of India,NADAPURAM,KERALA,76163
S1116,ADV. SUNNY JOSEPH,Indian National Congress,PERAVOOR,KERALA,76140
S1161,U R PRADEEP,Communist Party of India (Marxist),CHELAKKARA,KERALA,76073
S1152,ADV. K. PREMKUMAR,Communist Party of India (Marxist),OTTAPPALAM,KERALA,75362
S11105,G.SUDHAKARAN,Independent,AMBALAPPUZHA,KERALA,75184
S1174,MANOJ MOOTHEDAN,Indian National Congress,PERUMBAVOOR,KERALA,75088
S11102,ADV. SHANIMOL OSMAN,Indian National Congress,AROOR,KERALA,74469
S1129,P V ANVAR S/O SHOUKATHALI,Independent,BEYPORE,KERALA,74362
S11117,SHIBU BABY JOHN,Revolutionary Socialist Party,CHAVARA,KERALA,74308
S113,C H KUNHAMBU,Communist Party of India (Marxist),UDMA,KERALA,74063
S11131,MUHAMMED SUDHEERSHA S,Indian National Congress,VAMANAPURAM,KERALA,73590
S1187,SHIBU THECKUMPURAM,Kerala Congress,KOTHAMANGALAM,KERALA,73479
S1136,DR.K.K DAMODARAN,Communist Party of India (Marxist),WANDOOR,KERALA,73135
S1138,V.P MOHAMMED HANEEFA,Communist Party of India (Marxist),PERINTHALMANNA,KERALA,72457
S11121,C. AJAYAPRASAD,Communist Party of India,PUNALUR,KERALA,71944
S1172,SANEESHKUMAR JOSEPH,Indian National Congress,CHALAKUDY,KERALA,71202
S1165,XAVIER CHITTILAPPILLY,Communist Party of India (Marxist),WADAKKANCHERY,KERALA,70725
S1150,T. P. SHAJI,Indian National Congress,PATTAMBI,KERALA,70620
S1111,ADV.T.O. MOHANAN,Indian National Congress,KANNUR,KERALA,70620
S1151,P.MAMMIKUTTY,Communist Party of India (Marxist),SHORNUR,KERALA,70583
S1191,ROY K PAULOSE,Indian National Congress,IDUKKI,KERALA,70562
S1114,P K PRAVEEN,Rashtriya Janata Dal,KUTHUPARAMBA,KERALA,70448
S1132,LINTO JOSEPH,Communist Party of India (Marxist),THIRUVAMBADI,KERALA,70399
S1194,ADV.MONS JOSEPH,Kerala Congress,KADUTHURUTHY,KERALA,70353
S1184,V. P. SAJEENDRAN,Indian National Congress,KUNNATHUNAD,KERALA,70292
S1181,DEEPAK JOY,Indian National Congress,THRIPUNITHURA,KERALA,70256
S1120,K K REMA,Revolutionary Marxist Party of India,VADAKARA,KERALA,70117
S11113,ABIN VARKEY KODIYATTU,Indian National Congress,ARANMULA,KERALA,70083
S1113,KARAYI RAJAN,Communist Party of India (Marxist),THALASSERY,KERALA,69743
S1166,K RAJAN,Communist Party of India,OLLUR,KERALA,69703
S1192,ADV.CYRIAC THOMAS,Indian National Congress,PEERUMADE,KERALA,69672
S1162,A C MOIDEEN,Communist Party of India (Marxist),KUNNAMKULAM,KERALA,69522
S11130,G R ANIL,Communist Party of India,NEDUMANGAD,KERALA,69206
S1114,JAYANTHI RAJAN,Indian Union Muslim League,KUTHUPARAMBA,KERALA,69162
S116,T. I. MADHUSOODANAN,Communist Party of India (Marxist),PAYYANNUR,KERALA,69153
S11137,C K HAREENDRAN,Communist Party of India (Marxist),PARASSALA,KERALA,69149
S1197,THIRUVANCHOOR RADHAKRISHNAN,Indian National Congress,KOTTAYAM,KERALA,68893
S11103,K.R. RAJENDRA PRASAD,Indian National Congress,CHERTHALA,KERALA,68727
S1155,A PRABHAKARAN,Communist Party of India (Marxist),MALAMPUZHA,KERALA,68629
S11122,M. M. NASEER,Indian National Congress,CHADAYAMANGALAM,KERALA,68281
S11120,JYOTHI KUMAR CHAMAKKALA,Indian National Congress,PATHANAPURAM,KERALA,68275
S11107,RAMESH CHENNITHALA,Indian National Congress,HARIPAD,KERALA,68184
S1149,M B RAJESH,Communist Party of India (Marxist),THRITHALA,KERALA,68042
S1123,K. DASAN,Communist Party of India (Marxist),QUILANDY,KERALA,67843
S111,K SURENDRAN,Bharatiya Janata Party,MANJESHWAR,KERALA,67696
S1148,ADV.M.K SAKKEER,Communist Party of India (Marxist),PONNANI,KERALA,67407
S1115,CHANDRAN THILLANKERI,Indian National Congress,MATTANNUR,KERALA,67288
S11109,M.S. ARUN KUMAR,Communist Party of India (Marxist),MAVELIKKARA,KERALA,67180
S1117,O R KELU,Communist Party of India (Marxist),MANANTHAVADY,KERALA,66882
S1159,K PREMAN,Communist Party of India (Marxist),NEMMARA,KERALA,66521
S1112,ADV. V.P ABDUL RASHEED,Indian National Congress,DHARMADAM,KERALA,66367
S1170,ADV. THOMAS UNNIYADAN,Kerala Congress,IRINJALAKUDA,KERALA,66282
S11115,ADVOCATE C V  SANTHAKUMAR,Indian National Congress,ADOOR,KERALA,66153
S1179,TONY CHAMMANY,Indian National Congress,VYPEN,KERALA,66112
S1163,N. K. AKBAR,Communist Party of India (Marxist),GURUVAYOOR,KERALA,66069
S1141,SABAH KUNDUPUZHAKKAL,Independent,VENGARA,KERALA,65538
S1126,A.K.SASEENDRAN S/O KUNJAMBU,Nationalist Congress Party - Sharadchandra Pawar,ELATHUR,KERALA,65500
S1169,K.K. VALSARAJ,Communist Party of India,KAIPAMANGALAM,KERALA,65448
S1164,PROF C RAVINDRANATH,Communist Party of India (Marxist),MANALUR,KERALA,65337
S1158,ADV. SUMESH ACHUTHAN,Indian National Congress,CHITTUR,KERALA,65325
S1164,T N PRATHAPAN,Indian National Congress,MANALUR,KERALA,65211
S1173,ADV. O J JANEESH,Indian National Congress,KODUNGALLUR,KERALA,65162
S11102,DALEEMA,Communist Party of India (Marxist),AROOR,KERALA,65145
S1139,KUNNATH MOHAMED S/O ALI HAJI,Independent,MANKADA,KERALA,65083
S1165,P.N. VAISAKH,Indian National Congress,WADAKKANCHERY,KERALA,65035
S1147,DR. K T JALEEL,Independent,THAVANUR,KERALA,65014
S1162,P T AJAY MOHAN,Indian National Congress,KUNNAMKULAM,KERALA,64959
S1110,K. V. SUMESH,Communist Party of India (Marxist),AZHIKODE,KERALA,64951
S1189,ADV. SENAPATHY VENU,Indian National Congress,UDUMBANCHOLA,KERALA,64916
S1144,MOHAMED SAMEER T THIRUTHIYIL HOUSE,Independent,TANUR,KERALA,64861
S1154,MANZIL ABOOBACKER,Communist Party of India,MANNARKKAD,KERALA,64703
S114,SHAIJI OTTAPALLI,Kerala Congress,KANHANGAD,KERALA,64604
S1110,ADV.  KAREEM CHELERI,Indian Union Muslim League,AZHIKODE,KERALA,64602
S11125,ADV.VISHNU MOHAN,Revolutionary Socialist Party,ERAVIPURAM,KERALA,64383
S1180,MOHAMMED SHIYAS,Indian National Congress,KOCHI,KERALA,64318
S1177,P RAJEEVE,Communist Party of India (Marxist),KALAMASSERY,KERALA,64294
S1196,NATTAKOM SURESH,Indian National Congress,ETTUMANOOR,KERALA,64077
S1163,C. H. RASHEED,Indian Union Muslim League,GURUVAYOOR,KERALA,64071
S11119,K.N. BALAGOPAL,Communist Party of India (Marxist),KOTTARAKKARA,KERALA,63926
S11124,ADV. BINDHU KRISHNA,Indian National Congress,KOLLAM,KERALA,63416
S1159,A. THANKAPPAN,Indian National Congress,NEMMARA,KERALA,63216
S1171,K K RAMACHANDRAN,Communist Party of India (Marxist),PUDUKKAD,KERALA,63136
S117,ADV. RAJEEVAN KAPPACHERI,Indian National Congress,KALLIASSERI,KERALA,62995
S11119,ADV.P. AISHA POTTY,Indian National Congress,KOTTARAKKARA,KERALA,62914
S1153,THULASI TEACHER,Indian National Congress,KONGAD,KERALA,62734
S1118,M S VISWANATHAN,Communist Party of India (Marxist),SULTHANBATHERY,KERALA,62339
S1156,RAMESH PISHARODY,Indian National Congress,PALAKKAD,KERALA,62199
S11136,ADV. G. STEEPHEN,Communist Party of India (Marxist),ARUVIKKARA,KERALA,61907
S1116,K K SHAILAJA TEACHER,Communist Party of India (Marxist),PERAVOOR,KERALA,61687
S1160,T M SASI,Communist Party of India (Marxist),ALATHUR,KERALA,61564
S11131,MURALEEDHARAN NAIR D K,Communist Party of India (Marxist),VAMANAPURAM,KERALA,61405
S1182,T.J VINOD,Indian National Congress,ERANAKULAM,KERALA,61296
S11108,ADV.U.PRATHIBHA,Communist Party of India (Marxist),KAYAMKULAM,KERALA,61079
S1166,ADV. SHAJI J KODANKANDATH,Indian National Congress,OLLUR,KERALA,60819
S11122,J. CHINCHURANI,Communist Party of India,CHADAYAMANGALAM,KERALA,60795
S1157,SUMOD,Communist Party of India (Marxist),TARUR,KERALA,60557
S11114,ADV K U JENISH KUMAR,Communist Party of India (Marxist),KONNI,KERALA,60380
S1167,RAJAN. J. PALLAN,Indian National Congress,THRISSUR,KERALA,60290
S1171,K M BABURAJAN,Indian National Congress,PUDUKKAD,KERALA,60283
S11104,P.P.CHITHARANJAN,Communist Party of India (Marxist),ALAPPUZHA,KERALA,60050
S11120,K B GANESH KUMAR,Kerala Congress (B),PATHANAPURAM,KERALA,59965
S11128,O.S AMBIKA,Communist Party of India (Marxist),ATTINGAL,KERALA,59163
S11136,V. S. SIVAKUMAR,Indian National Congress,ARUVIKKARA,KERALA,59064
S1153,ADV. K.SANTHAKUMARI,Communist Party of India (Marxist),KONGAD,KERALA,59028
S1133,DR. P. JIJI,Communist Party of India (Marxist),KONDOTTY,KERALA,58980
S1168,GEETHAGOPI,Communist Party of India,NATTIKA,KERALA,58979
S1158,ADV. V. MURUGADAS,Indian Socialist Janata Dal,CHITTUR,KERALA,58815
S11140,N. SHAKTHAN,Indian National Congress,NEYYATTINKARA,KERALA,58760
S1135,U SHARAFALI,Independent,NILAMBUR,KERALA,58735
S11114,PROF SATHEESH KOCHUPARAMBIL,Indian National Congress,KONNI,KERALA,58542
S1131,SALEEM MADAVOOR,Independent,KODUVALLY,KERALA,58482
S1178,E.T.TAISON MASTER,Communist Party of India,PARAVUR,KERALA,58058
S11110,SAJI CHERIAN,Communist Party of India (Marxist),CHENGANNUR,KERALA,57859
S1134,ADV.SHAFEER KIZHISSERI,Communist Party of India,ERNAD,KERALA,57258
S11135,RAJEEV CHANDRASEKHAR,Bharatiya Janata Party,NEMOM,KERALA,57192
S11101,ADV.SEBASTIAN M.J,Indian National Congress,POONJAR,KERALA,56900
S1173,ADV. V R SUNIL KUMAR,Communist Party of India,KODUNGALLUR,KERALA,56854
S11138,M. R. BAIJU,Indian National Congress,KATTAKKADA,KERALA,56846
S11129,RAMYA HARIDAS,Indian National Congress,CHIRAYINKEEZHU,KERALA,56833
S11100,RONY K BABY,Indian National Congress,KANJIRAPPALLY,KERALA,56646
S1187,ANTONY JOHN,Communist Party of India (Marxist),KOTHAMANGALAM,KERALA,56620
S11106,REJI CHERIYAN,Kerala Congress,KUTTANAD,KERALA,56594
S11118,KOVOOR  KUNJUMON,Kerala Revolutionary Socialist Party (Leninist- Marxist),KUNNATHUR,KERALA,56174
S1180,K.J. MAXY,Communist Party of India (Marxist),KOCHI,KERALA,56130
S1170,DR.R.BINDU,Communist Party of India (Marxist),IRINJALAKUDA,KERALA,56070
S1199,VINU JOB KUZHIMANNIL,Kerala Congress,CHANGANASSERY,KERALA,55991
S11116,ADV.M.S. THARA,Communist Party of India,KARUNAGAPPALLY,KERALA,55975
S11115,PRIJI KANNAN,Communist Party of India,ADOOR,KERALA,55821
S11117,DR.SUJITH VIJAYANPILLAI,Independent,CHAVARA,KERALA,55735
S1137,V.M. MUSTHAFA,Independent,MANJERI,KERALA,55735
S11125,M.NOUSHAD,Communist Party of India (Marxist),ERAVIPURAM,KERALA,55580
S1169,T.M. NAZAR,Indian National Congress,KAIPAMANGALAM,KERALA,55504
S1146,PREETHI KONCHATH,Communist Party of India (Marxist),KOTTAKKAL,KERALA,55473
S11129,MANOJ EDAMANA,Communist Party of India,CHIRAYINKEEZHU,KERALA,55411
S11127,ADV.V JOY,Communist Party of India (Marxist),VARKALA,KERALA,55365
S11123,S. L. SAJIKUMAR,Communist Party of India (Marxist),KUNDARA,KERALA,55298
S1120,M K BHASKARAN,Rashtriya Janata Dal,VADAKARA,KERALA,55255
S1176,ADVOCATE A.M.ARIFF,Communist Party of India (Marxist),ALUVA,KERALA,54756
S11112,ADV. PAZHAKULAM MADHU,Indian National Congress,RANNI,KERALA,54652
S11137,NEYYATTINKARA SANAL,Indian National Congress,PARASSALA,KERALA,54136
S1151,P.HARIGOVINDAN,Indian National Congress,SHORNUR,KERALA,54066
S112,ASHWINI M L,Bharatiya Janata Party,KASARAGOD,KERALA,53698
S11127,VARKALA KAHAR,Indian National Congress,VARKALA,KERALA,53315
S11111,ADV.VARGHESE MAMMEN,Kerala Congress,THIRUVALLA,KERALA,53224
S1160,K M FEBIN,Indian National Congress,ALATHUR,KERALA,53011
S1195,K BINIMON,Indian National Congress,VAIKOM,KERALA,52944
S1128,ADV. FYZAL BABU,Indian Union Muslim League,KOZHIKODE SOUTH,KERALA,52680
S1119,P K ANIL KUMAR,Rashtriya Janata Dal,KALPETTA,KERALA,52348
S11135,V SIVANKUTTY,Communist Party of India (Marxist),NEMOM,KERALA,52214
S1111,RAMACHANDRAN KADANNAPPALLI,Congress (Secular),KANNUR,KERALA,52069
S11126,B.B.GOPAKUMAR,Bharatiya Janata Party,CHATHANNOOR,KERALA,51923
S1168,ADV. SUNIL LALOOR,Indian National Congress,NATTIKA,KERALA,51886
S11140,K. ANSALAN,Communist Party of India (Marxist),NEYYATTINKARA,KERALA,51794
S1181,K N UNNIKRISHNAN,Communist Party of India (Marxist),THRIPUNITHURA,KERALA,51788
S1195,P PRADEEP,Communist Party of India,VAIKOM,KERALA,51584
S11109,ADV. MUTHARA RAJ,Indian National Congress,MAVELIKKARA,KERALA,51444
S11113,VEENA GEORGE,Communist Party of India (Marxist),ARANMULA,KERALA,51098
S11100,DR. N. JAYARAJ,Kerala Congress (M),KANJIRAPPALLY,KERALA,50874
S1193,MANI C KAPPEN,Independent,PALA,KERALA,50799
S1127,ADV.K JAYANTH,Indian National Congress,KOZHIKODE NORTH,KERALA,50636
S1188,F. RAJA,Indian National Congress,DEVIKULAM,KERALA,50590
S1179,ADV. M. B. SHYNI,Communist Party of India (Marxist),VYPEN,KERALA,50464
S11121,NOUSHAD YOUNUS,Indian Union Muslim League,PUNALUR,KERALA,50415
S11112,ADV. PRAMOD NARAYAN,Kerala Congress (M),RANNI,KERALA,50308
S11101,ADV. SEBASTIAN KULATHUNKAL,Kerala Congress (M),POONJAR,KERALA,50207
S11138,ADV. I. B. SATHEESH,Communist Party of India (Marxist),KATTAKKADA,KERALA,49710
S1142,ADV. MUSTHAFA,Independent,VALLIKUNNU,KERALA,49429
S1113,SAJU K P,Indian National Congress,THALASSERY,KERALA,49220
S1127,THOTTATHIL RAVINDRAN,Communist Party of India (Marxist),KOZHIKODE NORTH,KERALA,49153
S1156,SOBHA SURENDRAN,Bharatiya Janata Party,PALAKKAD,KERALA,49052
S1184,ADV. P. V. SREENIJIN,Communist Party of India (Marxist),KUNNATHUNAD,KERALA,49009
S1155,C KRISHNAKUMAR,Bharatiya Janata Party,MALAMPUZHA,KERALA,48908
S1157,SUBRAMANIAN K C,Indian National Congress,TARUR,KERALA,48647
S1152,P.K SASI P.K.S S/O PADMINI AMMA,Independent,OTTAPPALAM,KERALA,48585
S1143,AJITH KOLADI,Communist Party of India,TIRURANGADI,KERALA,48482
S119,ADV. MATHEW KUNNAPPALLY,Kerala Congress (M),IRIKKUR,KERALA,48469
S11133,K. MURALEEDHARAN,Indian National Congress,VATTIYOORKAVU,KERALA,48338
S1172,ADV. BIJU S CHIRAYATH,Kerala Congress (M),CHALAKUDY,KERALA,48046
S1193,JOSE K MANI,Kerala Congress (M),PALA,KERALA,47808
S11130,MEENANKAL KUMAR,Indian National Congress,NEDUMANGAD,KERALA,47623
S1199,ADV. JOB MAICHIL,Kerala Congress (M),CHANGANASSERY,KERALA,47623
S11110,ADV. ABI KURIAKOSE,Indian National Congress,CHENGANNUR,KERALA,47567
S11126,ADV.R.RAJENDRAN,Communist Party of India,CHATHANNOOR,KERALA,47525
S11105,H. SALAM,Communist Party of India (Marxist),AMBALAPPUZHA,KERALA,47249
S1186,N ARUN,Communist Party of India,MUVATTUPUZHA,KERALA,47085
S11139,BHAGATH RUFUS,Independent,KOVALAM,KERALA,46952
S1191,ROSHY AUGUSTINE,Kerala Congress (M),IDUKKI,KERALA,46740
S1161,SIVADASAN (SIVAN VEETTIKUNNU),Independent,CHELAKKARA,KERALA,46687
S1174,BASIL PAUL,Kerala Congress (M),PERUMBAVOOR,KERALA,46654
S11124,S. JAYAMOHAN,Communist Party of India (Marxist),KOLLAM,KERALA,46586
S11132,V. MURALEEDHARAN,Bharatiya Janata Party,KAZHAKOOTTAM,KERALA,46564
S1140,K.T. MUJEEB RAHMAN,Nationalist Congress Party - Sharadchandra Pawar,MALAPPURAM,KERALA,46305
S11132,KADAKAMPALLY SURENDRAN,Communist Party of India (Marxist),KAZHAKOOTTAM,KERALA,46136
S11128,ADV. P SUDHEER,Bharatiya Janata Party,ATTINGAL,KERALA,45788
S11134,C P JOHN,Communist Marxist Party Kerala State Committee,THIRUVANANTHAPURAM,KERALA,45586
S1188,ADV. A. RAJA,Communist Party of India (Marxist),DEVIKULAM,KERALA,45357
S1168,C.C. MUKUNDAN,Bharatiya Janata Party,NATTIKA,KERALA,45216
S1189,K.K. JAYACHANDRAN,Communist Party of India (Marxist),UDUMBANCHOLA,KERALA,44895
S1185,SABU K JACOB,Kerala Congress (M),PIRAVOM,KERALA,44870
S11107,T.T.JISMON,Communist Party of India,HARIPAD,KERALA,44807
S1196,V. N. VASAVAN,Communist Party of India (Marxist),ETTUMANOOR,KERALA,44325
S11111,ANOOP ANTONY,Bharatiya Janata Party,THIRUVALLA,KERALA,43078
S11133,ADV. V.K PRASANTH,Communist Party of India (Marxist),VATTIYOORKAVU,KERALA,42913
S1152,MAJOR RAVI,Bharatiya Janata Party,OTTAPPALAM,KERALA,42476
S1155,A SURESH,Indian National Congress,MALAMPUZHA,KERALA,42262
S1192,K SALIMKUMAR,Communist Party of India,PEERUMADE,KERALA,42038
S11111,ADV. MATHEW T THOMAS,Independent,THIRUVALLA,KERALA,42023
S1128,AHAMMAD DEVARKOVIL,Indian National League,KOZHIKODE SOUTH,KERALA,41885
S11128,SANTHOSH BHADRAN,Revolutionary Socialist Party,ATTINGAL,KERALA,41372
S1175,SAJU PAUL,Communist Party of India (Marxist),ANGAMALY,KERALA,41323
S1190,CYRIAC CHAZHIKADAN,Kerala Congress (M),THODUPUZHA,KERALA,40505
S1184,BABU DIVAKARAN,Twenty 20 Party,KUNNATHUNAD,KERALA,40221
S1127,NAVYA HARIDAS,Bharatiya Janata Party,KOZHIKODE NORTH,KERALA,39899
S1194,NIRMALA JIMMY,Kerala Congress (M),KADUTHURUTHY,KERALA,39053
S11130,YUVRAJ GOKUL,Bharatiya Janata Party,NEDUMANGAD,KERALA,38999
S11138,P. K. KRISHNADAS,Bharatiya Janata Party,KATTAKKADA,KERALA,38231
S1164,ADV K K ANEESHKUMAR,Bharatiya Janata Party,MANALUR,KERALA,38125
S1161,K BALAKRISHNAN,Bharatiya Janata Party,CHELAKKARA,KERALA,37286
S11133,R. SREELEKHA,Bharatiya Janata Party,VATTIYOORKAVU,KERALA,37213
S11132,ADVOCATE  T. SARATHCHANDRA PRASAD,Indian National Congress,KAZHAKOOTTAM,KERALA,37183
S112,SHANAVAS PADHOOR,Independent,KASARAGOD,KERALA,36678
S11101,P.C. GEORGE,Bharatiya Janata Party,POONJAR,KERALA,36172
S11106,THOMAS K. THOMAS,Nationalist Congress Party - Sharadchandra Pawar,KUTTANAD,KERALA,35994
S11134,SUDHIR KARAMANA,Independent,THIRUVANANTHAPURAM,KERALA,35723
S1193,SHONE GEORGE,Bharatiya Janata Party,PALA,KERALA,35304
S11126,SOORAJ RAVI,Indian National Congress,CHATHANNOOR,KERALA,35276
S11134,KARAMANA JAYAN,Bharatiya Janata Party,THIRUVANANTHAPURAM,KERALA,35125
S11113,KUMMANAM RAJASEKHARAN,Bharatiya Janata Party,ARANMULA,KERALA,34983
S1130,ADV.V. K. SAJEEVAN,Bharatiya Janata Party,KUNNAMANGALAM,KERALA,34435
S1156,N.M.R. RAZACK,Independent,PALAKKAD,KERALA,33931
S1167,ALANKODE LEELAKRISHNAN,Communist Party of India,THRISSUR,KERALA,33487
S1151,ADV. SANKU.T.DAS,Bharatiya Janata Party,SHORNUR,KERALA,33264
S1183,ADV. PUSHPA DAS,Communist Party of India (Marxist),THRIKKAKARA,KERALA,33164
S11129,B. S. ANOOP,Bharatiya Janata Party,CHIRAYINKEEZHU,KERALA,32920
S1197,ADV.K. ANILKUMAR,Communist Party of India (Marxist),KOTTAYAM,KERALA,32907
S1128,T. RANEESH,Bharatiya Janata Party,KOZHIKODE SOUTH,KERALA,32463
S11116,V.S. JITHIN DEV,Bharatiya Janata Party,KARUNAGAPPALLY,KERALA,32121
S1126,DEVADAS T,Bharatiya Janata Party,ELATHUR,KERALA,31510
S1118,KAVITHA A S,Bharatiya Janata Party,SULTHANBATHERY,KERALA,31308
S1198,K. M. RADHAKRISHNAN,Communist Party of India (Marxist),PUTHUPPALLY,KERALA,31124
S11107,SANDHEEP VAACHASPATHI,Bharatiya Janata Party,HARIPAD,KERALA,31022
S11110,M. V .GOPAKUMAR,Bharatiya Janata Party,CHENGANNUR,KERALA,30942
S11137,ADV. GIREESH NEYYAR,Bharatiya Janata Party,PARASSALA,KERALA,29919
S11135,ADV K S SABARINADHAN,Indian National Congress,NEMOM,KERALA,29730
S1181,ANJALI .P. V,Twenty 20 Party,THRIPUNITHURA,KERALA,29471
S1163,ADV. B. GOPALAKRISHNAN,Bharatiya Janata Party,GURUVAYOOR,KERALA,28947
S1167,PADMAJA VENUGOPAL,Bharatiya Janata Party,THRISSUR,KERALA,28662
S1171,PARAMESWARAN A (NAGESH),Bharatiya Janata Party,PUDUKKAD,KERALA,28018
S11127,ADV.SMITHA SUNDARESAN,Bharatiya Janata Party,VARKALA,KERALA,27400
S1170,SANTHOSH CHERAKULAM,Bharatiya Janata Party,IRINJALAKUDA,KERALA,27167
S114,M BALRAJ,Bharatiya Janata Party,KANHANGAD,KERALA,27063
S11100,ADV. GEORGE KURIAN,Bharatiya Janata Party,KANJIRAPPALLY,KERALA,26984
S113,MANULAL M,Bharatiya Janata Party,UDMA,KERALA,26899
S1129,ADV.  PRAKASHBABU,Bharatiya Janata Party,BEYPORE,KERALA,26543
S11115,ADV. PANDALAM PRATHAPAN,Bharatiya Janata Party,ADOOR,KERALA,26337
S1165,ADV. T.S ULLAS BABU,Bharatiya Janata Party,WADAKKANCHERY,KERALA,25844
S11139,KOVALAM.T.N.SURESH,Bharatiya Janata Party,KOVALAM,KERALA,25380
S1182,SABU GEORGE,Independent,ERANAKULAM,KERALA,25133
S1153,DR. RENU SURESH,Bharatiya Janata Party,KONGAD,KERALA,24925
S11118,RAJI  PRASAD,Bharatiya Janata Party,KUNNATHUR,KERALA,24841
S1173,DR. VARGHESE GEORGE,Twenty 20 Party,KODUNGALLUR,KERALA,23933
S11136,VIVEK GOPAN,Bharatiya Janata Party,ARUVIKKARA,KERALA,23760
S1123,PRAFUL KRISHNAN,Bharatiya Janata Party,QUILANDY,KERALA,23545
S1142,PREMKUMAR (PREMAN MASTER),Bharatiya Janata Party,VALLIKUNNU,KERALA,23283
S11109,K. AJIMON,Bharatiya Janata Party,MAVELIKKARA,KERALA,23200
S1113,O NIDHEESH,Bharatiya Janata Party,THALASSERY,KERALA,22754
S1174,JIBI PATHICKAL,Twenty 20 Party,PERUMBAVOOR,KERALA,22497
S1114,ADV. SHIJILAL,Bharatiya Janata Party,KUTHUPARAMBA,KERALA,22195
S11140,CHENKAL RAJASEKHARAN,Bharatiya Janata Party,NEYYATTINKARA,KERALA,21858
S1183,AKHIL RAJ (AKHIL MARAR),Twenty 20 Party,THRIKKAKARA,KERALA,21424
S111,K R JAYANANDA,Communist Party of India (Marxist),MANJESHWAR,KERALA,21212
S1157,SURESHBABU M,Bharatiya Janata Party,TARUR,KERALA,21162
S11122,R.S. ARUNRAJ,Bharatiya Janata Party,CHADAYAMANGALAM,KERALA,20971
S11119,R. RESMI,Bharatiya Janata Party,KOTTARAKKARA,KERALA,20664
S1178,VALSALA PRASANNAKUMAR,Bharatiya Janata Party,PARAVUR,KERALA,20377
S11102,ADV. P.S. JYOTHIS,Bharath Dharma Jana Sena,AROOR,KERALA,20334
S1195,K AJITH,Bharatiya Janata Party,VAIKOM,KERALA,20297
S1166,BIJOY THOMAS,Bharatiya Janata Party,OLLUR,KERALA,19737
S1169,ATHULLIAGHOSH VETTIYATTIL,Bharath Dharma Jana Sena,KAIPAMANGALAM,KERALA,19688
S1117,P SHYAMRAJ,Bharatiya Janata Party,MANANTHAVADY,KERALA,19681
S1119,PRASANTH MALAVAYAL,Bharatiya Janata Party,KALPETTA,KERALA,19175
S1182,P.R. SIVASANKAR,Bharatiya Janata Party,ERANAKULAM,KERALA,19154
S11123,DR. ROBIN RADHAKRISHNAN,Bharatiya Janata Party,KUNDARA,KERALA,18996
S1176,M.A.BRAHMARAJ,Bharatiya Janata Party,ALUVA,KERALA,18732
S1112,K. RANJITH,Bharatiya Janata Party,DHARMADAM,KERALA,18555
S11124,DR. PRATHAP KUMAR N,Bharatiya Janata Party,KOLLAM,KERALA,18537
S1159,A.N.ANURAG,Bharath Dharma Jana Sena,NEMMARA,KERALA,18107
S11103,ADV. T.P. ANANTHARAJ,Bharath Dharma Jana Sena,CHERTHALA,KERALA,17997
S11112,THOMAS K SAMUEL (BLESSON),Twenty 20 Party,RANNI,KERALA,17993
S1115,BIJU ELAKKUZHI,Bharatiya Janata Party,MATTANNUR,KERALA,17815
S1125,C.P. SATHEESH,Bharatiya Janata Party,BALUSSERI,KERALA,17669
S1110,K. K. VINODKUMAR,Bharatiya Janata Party,AZHIKODE,KERALA,17476
S1160,K V  PRASANNAKUMAR,Bharatiya Janata Party,ALATHUR,KERALA,17347
S1162,K R RAJIN,Bharath Dharma Jana Sena,KUNNAMKULAM,KERALA,17104
S11108,THAMPI METTUTHARA,Bharath Dharma Jana Sena,KAYAMKULAM,KERALA,16973
S11106,SANTHOSH SANTHI,Bharath Dharma Jana Sena,KUTTANAD,KERALA,16932
S11105,ARUN ANIRUDHAN,Bharatiya Janata Party,AMBALAPPUZHA,KERALA,16348
S1111,C. RAGHUNATH,Bharatiya Janata Party,KANNUR,KERALA,16144
S118,N HARIDAS,Bharatiya Janata Party,TALIPARAMBA,KERALA,16089
S1147,RAVI THELATH,Bharatiya Janata Party,THAVANUR,KERALA,16039
S1172,ADV. CHARLYPAUL,Twenty 20 Party,CHALAKUDY,KERALA,16030
S11121,ADV. REGHUNADH KAMUKUMCHERY,Twenty 20 Party,PUNALUR,KERALA,15393
S11104,M.J JOB,Bharatiya Janata Party,ALAPPUZHA,KERALA,15373
S1150,ADV. P. MANOJ,Bharatiya Janata Party,PATTAMBI,KERALA,15282
S11114,SUNDARESAN T P,Bharath Dharma Jana Sena,KONNI,KERALA,15278
S1149,V UNNIKRISHNAN MASTER,Bharatiya Janata Party,THRITHALA,KERALA,15051
S1188,S.RAJENDRAN,Bharatiya Janata Party,DEVIKULAM,KERALA,15032
S1185,JIBI ABRAHAM,Twenty 20 Party,PIRAVOM,KERALA,14861
S1199,B RADHAKRISHNA MENON,Bharatiya Janata Party,CHANGANASSERY,KERALA,14803
S1158,PRANESH RAJENDRAN,Bharatiya Janata Party,CHITTUR,KERALA,14697
S1120,ADV. K DILEEP,Bharatiya Janata Party,VADAKARA,KERALA,14295
S1177,BINU,Bharath Dharma Jana Sena,KALAMASSERY,KERALA,14130
S1133,P. SUBRAHMANNIAN,Bharatiya Janata Party,KONDOTTY,KERALA,13994
S1144,DEEPA PUZHAKKAL,Bharatiya Janata Party,TANUR,KERALA,13642
S1179,ANITHA THOMAS,Twenty 20 Party,VYPEN,KERALA,13637
S1137,PADMASREE AJITH,Bharatiya Janata Party,MANJERI,KERALA,13423
S117,SANIL.A.V,Bharatiya Janata Party,KALLIASSERI,KERALA,13110
S1124,M. MOHANAN MASTER,Bharatiya Janata Party,PERAMBRA,KERALA,13042
S1196,ATHIRA D NAIR,Twenty 20 Party,ETTUMANOOR,KERALA,12975
S1190,ADV. ROY VARICATTU,Twenty 20 Party,THODUPUZHA,KERALA,12679
S1135,GIRISH MEKKATTU,Bharath Dharma Jana Sena,NILAMBUR,KERALA,12660
S1194,SURESH ETTIKUNNEL,Bharath Dharma Jana Sena,KADUTHURUTHY,KERALA,12228
S11131,VENU,Bharath Dharma Jana Sena,VAMANAPURAM,KERALA,12093
S1121,RAMADAS MANALERI,Bharatiya Janata Party,KUTTIADI,KERALA,12035
S1180,ADV. XAVIER JULAPPAN,Twenty 20 Party,KOCHI,KERALA,11854
S1198,RAVEENDRANATH  VAKATHANAM,Bharatiya Janata Party,PUTHUPPALLY,KERALA,11544
S1122,C.P. VIPIN CHANDRAN,Bharatiya Janata Party,NADAPURAM,KERALA,11506
S1143,RIJU C RAGHAV,Bharatiya Janata Party,TIRURANGADI,KERALA,11497
S11117,K.R.RAJESH,Bharatiya Janata Party,CHAVARA,KERALA,11012
S1154,ISSAC VARGHESE,Bharath Dharma Jana Sena,MANNARKKAD,KERALA,10671
S1146,SUBRAMANNIAN C,Bharath Dharma Jana Sena,KOTTAKKAL,KERALA,10558
S11125,SAJEE D ANAND,Bharath Dharma Jana Sena,ERAVIPURAM,KERALA,10469
S1148,MANEESH JANAKEEYAM,Bharath Dharma Jana Sena,PONNANI,KERALA,10210
S1189,ADV. SANGEETHA VISWANADHAN,Bharath Dharma Jana Sena,UDUMBANCHOLA,KERALA,10157
S1139,LEJOY MASH,Bharatiya Janata Party,MANKADA,KERALA,9933
S1175,PROMY KURIAKOSE,Twenty 20 Party,ANGAMALY,KERALA,9893
S1186,SUNNY KADOOTHAZHE,Twenty 20 Party,MUVATTUPUZHA,KERALA,9840
S1131,GIRI PAMBANAL,Bharath Dharma Jana Sena,KODUVALLY,KERALA,9832
S1197,P ANILKUMAR,Bharath Dharma Jana Sena,KOTTAYAM,KERALA,9726
S119,SREENATH PADMANABHAN,Twenty 20 Party,IRIKKUR,KERALA,9617
S1191,ADV. PRATHEESH PRABHA,Bharath Dharma Jana Sena,IDUKKI,KERALA,9410
S1192,RATHEESH VARAKUMALA,Bharatiya Janata Party,PEERUMADE,KERALA,9218
S1140,ASWATHI GUPTHAKUMAR,Bharatiya Janata Party,MALAPPURAM,KERALA,9127
S1134,ADV.N.SREEPRAKASH,Bharatiya Janata Party,ERNAD,KERALA,8728
S1145,K.NARAYANAN MASTER,Bharatiya Janata Party,TIRUR,KERALA,8634
S116,A. P. GANGADHARAN,Bharatiya Janata Party,PAYYANNUR,KERALA,8432
S1116,PAILY VATHIYATTU,Bharath Dharma Jana Sena,PERAVOOR,KERALA,8020
S115,RAVI KULANGARA,Twenty 20 Party,TRIKARIPUR,KERALA,7837
S1132,SUNNY THOMAS,Twenty 20 Party,THIRUVAMBADI,KERALA,7380
S1138,ADV. K.P BABURAJ,Bharatiya Janata Party,PERINTHALMANNA,KERALA,7240
S1187,AJI NARAYANAN,Bharath Dharma Jana Sena,KOTHAMANGALAM,KERALA,7046
S11120,ANIL PILLAI,Twenty 20 Party,PATHANAPURAM,KERALA,7031
S1158,MURUGADAS. P.  S/O PAZHANIAPPA MUDALIYAAR,Independent,CHITTUR,KERALA,6984
S1141,JAYAKRISHNAN. V.N,Bharatiya Janata Party,VENGARA,KERALA,6126
S1136,KUMARADAS,Independent,WANDOOR,KERALA,6018
S1140,ADV.SADIK NADUTHODI,Social Democratic Party Of India,MALAPPURAM,KERALA,5124
S1146,ADV. ABDUL MAJEED,Social Democratic Party Of India,KOTTAKKAL,KERALA,4557
S1142,MUHAMED MUSTHAFA PAMANGADAN,Independent,VALLIKUNNU,KERALA,3698
S1137,NOTA,None of the Above,MANJERI,KERALA,3319
S114,VIJAYAKUMAR B,Bahujan Samaj Party,KANHANGAD,KERALA,3132
S1135,NOTA,None of the Above,NILAMBUR,KERALA,2672
S1143,HAMEED V,Social Democratic Party Of India,TIRURANGADI,KERALA,2650
S1190,ADV. BASIL JOHN,Aam Aadmi Party,THODUPUZHA,KERALA,2603
S1150,S. P. AMEER ALI,Social Democratic Party Of India,PATTAMBI,KERALA,2582
S1190,AJAY V MARAR (AJAY UNNI),Independent,THODUPUZHA,KERALA,2580
S1134,CHEMMALA YOOSUF ALI,Social Democratic Party Of India,ERNAD,KERALA,2530
S1120,SHAMSEER CHOMBALA,Social Democratic Party Of India,VADAKARA,KERALA,2477
S1133,ABDUL KHADAR BICHAVA,Social Democratic Party Of India,KONDOTTY,KERALA,2231
S1137,ADV. P.P.A. SAGEER,Aam Aadmi Party,MANJERI,KERALA,2222
S1115,BASHEER PUNNAD,Social Democratic Party Of India,MATTANNUR,KERALA,2171
S1130,RAHIM S/O MUHAMMED KOYA,Independent,KUNNAMANGALAM,KERALA,2110
S1140,ABOOBACKER BACKER KUNDUPUZHAKKAL,Aam Aadmi Party,MALAPPURAM,KERALA,2060
S1147,ABDUL JALEEL S/O KADHEEJA,Social Democratic Party Of India,THAVANUR,KERALA,2021
S1148,ANWAR PAZHANJI,Social Democratic Party Of India,PONNANI,KERALA,1971
S1135,JAISAL MALIYEKKAL,Aam Aadmi Party,NILAMBUR,KERALA,1942
S118,NOTA,None of the Above,TALIPARAMBA,KERALA,1798
S1118,PRAKRITHI N V,Aam Aadmi Party,SULTHANBATHERY,KERALA,1781
S1149,SHAHEER CHALIPRAM,Social Democratic Party Of India,THRITHALA,KERALA,1746
S1137,BIPIN BENSON JOSEPH,Independent,MANJERI,KERALA,1698
S1136,NOTA,None of the Above,WANDOOR,KERALA,1674
S11122,SHARAFATH MALLAM,Social Democratic Party Of India,CHADAYAMANGALAM,KERALA,1674
S1190,AFSAL M B,Social Democratic Party Of India,THODUPUZHA,KERALA,1626
S1163,K. V. ABDUL NASAR,Social Democratic Party Of India,GURUVAYOOR,KERALA,1610
S1177,AJMAL K MUJEEB,Social Democratic Party Of India,KALAMASSERY,KERALA,1578
S1142,ABDUL AZEEZ KADALUNDI,Aam Aadmi Party,VALLIKUNNU,KERALA,1575
S1174,ELDHO GEORGE,Independent,PERUMBAVOOR,KERALA,1562
S11121,NEDUMONCAVU GOPALAKRISHNAN,Equality Party of India,PUNALUR,KERALA,1538
S1155,NOTA,None of the Above,MALAMPUZHA,KERALA,1506
S1168,NOTA,None of the Above,NATTIKA,KERALA,1454
S1113,A C JALALUDDHEEN,Social Democratic Party Of India,THALASSERY,KERALA,1444
S1118,NOTA,None of the Above,SULTHANBATHERY,KERALA,1442
S11121,JOSE SARANATH,Bahujan Samaj Party,PUNALUR,KERALA,1425
S1140,NOTA,None of the Above,MALAPPURAM,KERALA,1379
S1183,NOTA,None of the Above,THRIKKAKARA,KERALA,1353
S1194,JIJITH K JOY,Bahujan Samaj Party,KADUTHURUTHY,KERALA,1324
S1177,NOTA,None of the Above,KALAMASSERY,KERALA,1319
S1139,NOTA,None of the Above,MANKADA,KERALA,1315
S1158,NOTA,None of the Above,CHITTUR,KERALA,1298
S1146,NOTA,None of the Above,KOTTAKKAL,KERALA,1293
S11117,NOTA,None of the Above,CHAVARA,KERALA,1289
S11121,NOTA,None of the Above,PUNALUR,KERALA,1281
S117,K.K. ABDUL JABBAR,Social Democratic Party Of India,KALLIASSERI,KERALA,1281
S11128,NOTA,None of the Above,ATTINGAL,KERALA,1272
S1136,ANILKUMAR S/O KUTTAN,Independent,WANDOOR,KERALA,1267
S1151,ABOOBACKER,Social Democratic Party Of India,SHORNUR,KERALA,1263
S1142,NOTA,None of the Above,VALLIKUNNU,KERALA,1261
S1159,NOTA,None of the Above,NEMMARA,KERALA,1241
S1161,NOTA,None of the Above,CHELAKKARA,KERALA,1232
S1171,NOTA,None of the Above,PUDUKKAD,KERALA,1231
S11116,LATHEEF,Social Democratic Party Of India,KARUNAGAPPALLY,KERALA,1227
S1161,VINODKUMAR,Social Democratic Party Of India,CHELAKKARA,KERALA,1204
S1197,DR .CELINE PHILIP,Aam Aadmi Party,KOTTAYAM,KERALA,1202
S118,KOYYAM JANARDHANAN,Independent,TALIPARAMBA,KERALA,1202
S116,NOTA,None of the Above,PAYYANNUR,KERALA,1193
S11130,BATHERUTHEEN A (ZIAD KANDALA),Social Democratic Party Of India,NEDUMANGAD,KERALA,1191
S1165,NOTA,None of the Above,WADAKKANCHERY,KERALA,1184
S11102,NOTA,None of the Above,AROOR,KERALA,1174
S1176,NOTA,None of the Above,ALUVA,KERALA,1172
S1141,NOTA,None of the Above,VENGARA,KERALA,1171
S1181,NOTA,None of the Above,THRIPUNITHURA,KERALA,1171
S119,P V JOSEPH PARIKKAPPALLIL,Aam Aadmi Party,IRIKKUR,KERALA,1151
S1141,ABDUL RAFEEQ CHEMBAN,Independent,VENGARA,KERALA,1145
S1119,NOTA,None of the Above,KALPETTA,KERALA,1137
S1152,NOTA,None of the Above,OTTAPPALAM,KERALA,1135
S1162,NOTA,None of the Above,KUNNAMKULAM,KERALA,1115
S1153,NOTA,None of the Above,KONGAD,KERALA,1109
S1185,NOTA,None of the Above,PIRAVOM,KERALA,1105
S118,ANAPPALLI GOPALAN,Aam Aadmi Party,TALIPARAMBA,KERALA,1083
S1182,NOTA,None of the Above,ERANAKULAM,KERALA,1079
S1160,NOTA,None of the Above,ALATHUR,KERALA,1071
S1152,SASI P.K S/O KRISHNANKUTTY,Independent,OTTAPPALAM,KERALA,1062
S114,NOTA,None of the Above,KANHANGAD,KERALA,1058
S1142,MUHAMMED ASLAM V P,Independent,VALLIKUNNU,KERALA,1058
S1130,NOTA,None of the Above,KUNNAMANGALAM,KERALA,1044
S1167,NOTA,None of the Above,THRISSUR,KERALA,1043
S11129,NOTA,None of the Above,CHIRAYINKEEZHU,KERALA,1042
S1162,RAJEEV K S,Aam Aadmi Party,KUNNAMKULAM,KERALA,1035
S1164,JILEEF (DILEEF ABDUL KHADAR),Social Democratic Party Of India,MANALUR,KERALA,1031
S1152,K.P RAJEESH,Bahujan Samaj Party,OTTAPPALAM,KERALA,1025
S11103,NOTA,None of the Above,CHERTHALA,KERALA,1021
S11105,JOHNSON MATHEW,Socialist Unity Centre Of India (COMMUNIST),AMBALAPPUZHA,KERALA,1020
S11128,JAYARAJAN M,Social Democratic Party Of India,ATTINGAL,KERALA,1019
S1117,NOTA,None of the Above,MANANTHAVADY,KERALA,1018
S1157,NOTA,None of the Above,TARUR,KERALA,1014
S1185,ELDHO ABRAHAM THALIYACHIRA,Aam Aadmi Party,PIRAVOM,KERALA,1004
S11111,RAMESH CHATHENKARY,Bahujan Samaj Party,THIRUVALLA,KERALA,999
S1134,NOTA,None of the Above,ERNAD,KERALA,985
S1133,NOTA,None of the Above,KONDOTTY,KERALA,982
S11132,NOTA,None of the Above,KAZHAKOOTTAM,KERALA,981
S11105,NOTA,None of the Above,AMBALAPPUZHA,KERALA,980
S11130,NOTA,None of the Above,NEDUMANGAD,KERALA,979
S1191,SHIJO ANTONY,Bahujan Samaj Party,IDUKKI,KERALA,977
S11139,NOTA,None of the Above,KOVALAM,KERALA,976
S1154,NOTA,None of the Above,MANNARKKAD,KERALA,958
S1184,NOTA,None of the Above,KUNNATHUNAD,KERALA,952
S11127,RAJU S KOTTARAKONAM,Bahujan Samaj Party,VARKALA,KERALA,949
S1151,NOTA,None of the Above,SHORNUR,KERALA,947
S1154,ASHITHA NAJEEB,Social Democratic Party Of India,MANNARKKAD,KERALA,939
S1178,NOTA,None of the Above,PARAVUR,KERALA,935
S1172,NOTA,None of the Above,CHALAKUDY,KERALA,932
S1180,NOTA,None of the Above,KOCHI,KERALA,926
S1170,THANKAMANY THARAYIL,Bahujan Samaj Party,IRINJALAKUDA,KERALA,921
S11125,NOTA,None of the Above,ERAVIPURAM,KERALA,912
S11134,NOTA,None of the Above,THIRUVANANTHAPURAM,KERALA,909
S11128,S. SUJITHRA,Bahujan Samaj Party,ATTINGAL,KERALA,905
S1194,NOTA,None of the Above,KADUTHURUTHY,KERALA,898
S117,NOTA,None of the Above,KALLIASSERI,KERALA,893
S112,SHANAVAS A A,Independent,KASARAGOD,KERALA,893
S1199,USHA JOHNSON,Bahujan Samaj Party,CHANGANASSERY,KERALA,883
S11122,NOTA,None of the Above,CHADAYAMANGALAM,KERALA,881
S1190,NOTA,None of the Above,THODUPUZHA,KERALA,876
S1143,NOTA,None of the Above,TIRURANGADI,KERALA,873
S1119,RAFEEK C A,Aam Aadmi Party,KALPETTA,KERALA,867
S1157,NARAYANANKUTTY  K T,Bahujan Samaj Party,TARUR,KERALA,866
S1170,NOTA,None of the Above,IRINJALAKUDA,KERALA,863
S1171,JAYAKRISHNAN P N,Aam Aadmi Party,PUDUKKAD,KERALA,863
S1166,NOTA,None of the Above,OLLUR,KERALA,862
S1153,GURUVAYOORAPPAN P E,Bahujan Samaj Party,KONGAD,KERALA,859
S1174,NOTA,None of the Above,PERUMBAVOOR,KERALA,845
S1143,MOOSA JARATHINGAL,Aam Aadmi Party,TIRURANGADI,KERALA,843
S1156,NOTA,None of the Above,PALAKKAD,KERALA,841
S1128,NOTA,None of the Above,KOZHIKODE SOUTH,KERALA,838
S1178,V.M.FAISAL,Social Democratic Party Of India,PARAVUR,KERALA,828
S11118,NOTA,None of the Above,KUNNATHUR,KERALA,828
S112,MOHAMMED ALI FATHAH B M,Independent,KASARAGOD,KERALA,824
S1112,NOTA,None of the Above,DHARMADAM,KERALA,813
S11131,NOTA,None of the Above,VAMANAPURAM,KERALA,812
S1132,SUNNY V JOSEPH,Aam Aadmi Party,THIRUVAMBADI,KERALA,812
S11114,NOTA,None of the Above,KONNI,KERALA,805
S1180,ANEESH MATTANCHERRY,Social Democratic Party Of India,KOCHI,KERALA,803
S1147,NOTA,None of the Above,THAVANUR,KERALA,802
S1119,N HAMZA,Social Democratic Party Of India,KALPETTA,KERALA,801
S119,NOTA,None of the Above,IRIKKUR,KERALA,797
S11104,NOTA,None of the Above,ALAPPUZHA,KERALA,795
S1159,ANVAR SADIK,Social Democratic Party Of India,NEMMARA,KERALA,793
S1192,NOTA,None of the Above,PEERUMADE,KERALA,791
S11100,NOTA,None of the Above,KANJIRAPPALLY,KERALA,788
S11115,NOTA,None of the Above,ADOOR,KERALA,783
S1182,MOSES HENRY MOTHA,Aam Aadmi Party,ERANAKULAM,KERALA,783
S1179,NOTA,None of the Above,VYPEN,KERALA,781
S11136,NOTA,None of the Above,ARUVIKKARA,KERALA,775
S1115,NOTA,None of the Above,MATTANNUR,KERALA,771
S11134,SURESH KUMAR,Independent,THIRUVANANTHAPURAM,KERALA,769
S1148,NOTA,None of the Above,PONNANI,KERALA,762
S11138,NOTA,None of the Above,KATTAKKADA,KERALA,762
S1191,NOTA,None of the Above,IDUKKI,KERALA,758
S1173,NOTA,None of the Above,KODUNGALLUR,KERALA,744
S11129,R. SASI,Bahujan Samaj Party,CHIRAYINKEEZHU,KERALA,743
S1195,NOTA,None of the Above,VAIKOM,KERALA,737
S118,T K GOVINDAN S/O KUNHIRAMAN,Independent,TALIPARAMBA,KERALA,735
S11131,VIPINLAL V A,Bahujan Samaj Party,VAMANAPURAM,KERALA,734
S1126,NOTA,None of the Above,ELATHUR,KERALA,729
S1113,NOTA,None of the Above,THALASSERY,KERALA,728
S11126,NOTA,None of the Above,CHATHANNOOR,KERALA,728
S1126,V.K.SASEENDRAN S/O RAMAKRISHNAN,Independent,ELATHUR,KERALA,726
S11123,RIYAS KANNANALLOOR,Independent,KUNDARA,KERALA,722
S11140,NOTA,None of the Above,NEYYATTINKARA,KERALA,720
S11124,NOTA,None of the Above,KOLLAM,KERALA,715
S112,NOTA,None of the Above,KASARAGOD,KERALA,714
S11106,NOTA,None of the Above,KUTTANAD,KERALA,713
S1140,ABDUL GAFOOR MASTER O.P.K,Independent,MALAPPURAM,KERALA,712
S1197,NOTA,None of the Above,KOTTAYAM,KERALA,711
S115,NOTA,None of the Above,TRIKARIPUR,KERALA,710
S1111,NOTA,None of the Above,KANNUR,KERALA,705
S1187,ROY ARACKAL,Social Democratic Party Of India,KOTHAMANGALAM,KERALA,703
S1189,P.K. SAJEEVAN,Bahujan Samaj Party,UDUMBANCHOLA,KERALA,702
S11108,NOTA,None of the Above,KAYAMKULAM,KERALA,696
S11100,THAMPI KAVUMPADAM,Bahujan Samaj Party,KANJIRAPPALLY,KERALA,696
S11123,NOTA,None of the Above,KUNDARA,KERALA,695
S1126,P.K.SASEENDRAN S/O SABUDASAN,Nationalist Congress Party,ELATHUR,KERALA,692
S1169,NOTA,None of the Above,KAIPAMANGALAM,KERALA,690
S11106,ROY MUTTAR,Aam Aadmi Party,KUTTANAD,KERALA,689
S11136,SANTHOSH KUMAR. S,Bahujan Samaj Party,ARUVIKKARA,KERALA,687
S1189,NOTA,None of the Above,UDUMBANCHOLA,KERALA,686
S1186,NOTA,None of the Above,MUVATTUPUZHA,KERALA,683
S11139,MANOJ.S.P,Aam Aadmi Party,KOVALAM,KERALA,677
S1164,NOTA,None of the Above,MANALUR,KERALA,676
S1146,PREETHI KP,Independent,KOTTAKKAL,KERALA,674
S1114,JAYANTHI,Independent,KUTHUPARAMBA,KERALA,671
S1161,SUBRAMANIAN K V,Aam Aadmi Party,CHELAKKARA,KERALA,669
S1127,NOTA,None of the Above,KOZHIKODE NORTH,KERALA,667
S1188,NOTA,None of the Above,DEVIKULAM,KERALA,667
S1175,NOTA,None of the Above,ANGAMALY,KERALA,666
S1138,NOTA,None of the Above,PERINTHALMANNA,KERALA,664
S1172,M S ASOKAN MANGALAPPILLY,Bahujan Samaj Party,CHALAKUDY,KERALA,663
S1139,MOHAMMED KUNNATH S/O MOIDEEN,Independent,MANKADA,KERALA,663
S1198,PAUL P CHACKO (SHAJI KADAYIL),Bahujan Samaj Party,PUTHUPPALLY,KERALA,663
S1163,NOTA,None of the Above,GURUVAYOOR,KERALA,658
S1174,ADV. PRASANTH,Bahujan Samaj Party,PERUMBAVOOR,KERALA,657
S11106,P.K. SASI,Socialist Unity Centre Of India (COMMUNIST),KUTTANAD,KERALA,656
S1169,JAYAN ERATT,Aam Aadmi Party,KAIPAMANGALAM,KERALA,653
S11127,NOTA,None of the Above,VARKALA,KERALA,652
S1160,M T CHANDRAN,Bahujan Samaj Party,ALATHUR,KERALA,651
S11110,NOTA,None of the Above,CHENGANNUR,KERALA,638
S11137,NOTA,None of the Above,PARASSALA,KERALA,632
S11120,VIPIN KANIKONATHU,Bahujan Samaj Party,PATHANAPURAM,KERALA,629
S1194,DOMINIC SIMON,Aam Aadmi Party,KADUTHURUTHY,KERALA,628
S11126,ARUN CHATHANNOOR,Aam Aadmi Party,CHATHANNOOR,KERALA,627
S1187,NOTA,None of the Above,KOTHAMANGALAM,KERALA,617
S11129,ANOOP ALAPPURAMKUNNU,Democratic Human Rights Movement Party,CHIRAYINKEEZHU,KERALA,617
S11113,NOTA,None of the Above,ARANMULA,KERALA,615
S1198,NOTA,None of the Above,PUTHUPPALLY,KERALA,613
S11120,NOTA,None of the Above,PATHANAPURAM,KERALA,613
S11119,NOTA,None of the Above,KOTTARAKKARA,KERALA,611
S1186,BABU MATHEW,Social Democratic Party Of India,MUVATTUPUZHA,KERALA,609
S1145,NOTA,None of the Above,TIRUR,KERALA,608
S1183,JOSE GEORGE,Aam Aadmi Party,THRIKKAKARA,KERALA,605
S11135,NOTA,None of the Above,NEMOM,KERALA,604
S11101,SHINY A C,Bahujan Samaj Party,POONJAR,KERALA,603
S11133,NOTA,None of the Above,VATTIYOORKAVU,KERALA,600
S1196,NOTA,None of the Above,ETTUMANOOR,KERALA,598
S11125,FIROZ  S  R,Independent,ERAVIPURAM,KERALA,597
S1166,PRINSON AVINISSERY,Aam Aadmi Party,OLLUR,KERALA,594
S1144,NOTA,None of the Above,TANUR,KERALA,589
S1160,B FEBIN S/O BALAN K.C.,Independent,ALATHUR,KERALA,585
S1193,NOTA,None of the Above,PALA,KERALA,583
S1129,NOTA,None of the Above,BEYPORE,KERALA,583
S1170,DR. SHAJU KAVUNGAL,Aam Aadmi Party,IRINJALAKUDA,KERALA,579
S11115,SIVAKUMAR C S,Bahujan Samaj Party,ADOOR,KERALA,576
S1110,NOTA,None of the Above,AZHIKODE,KERALA,576
S11123,LATHIKA BALAKRISHNAN,Bahujan Samaj Party,KUNDARA,KERALA,572
S1130,ABDU RASAK S/O MUHAMMED,Independent,KUNNAMANGALAM,KERALA,567
S11109,NOTA,None of the Above,MAVELIKKARA,KERALA,565
S1199,ALTHAF HASSAN,Social Democratic Party Of India,CHANGANASSERY,KERALA,564
S11121,K. MAHESH,Socialist Unity Centre Of India (COMMUNIST),PUNALUR,KERALA,560
S1114,PRAVEEN KUMAR,Independent,KUTHUPARAMBA,KERALA,560
S11112,NOTA,None of the Above,RANNI,KERALA,557
S11134,SAMIN SATHYADAS,Aam Aadmi Party,THIRUVANANTHAPURAM,KERALA,556
S1177,SHAMSU T K,Aam Aadmi Party,KALAMASSERY,KERALA,553
S11111,THOMAS MAMMEN,Independent,THIRUVALLA,KERALA,553
S116,SANDEEP V. K.,Independent,PAYYANNUR,KERALA,552
S1183,JOSEPH ALOSIUS,Social Democratic Party Of India,THRIKKAKARA,KERALA,551
S1150,NOTA,None of the Above,PATTAMBI,KERALA,548
S11120,N P GENASH KUMAR S/O PARAMU,Independent,PATHANAPURAM,KERALA,547
S1146,MOHAMED RAFI,Independent,KOTTAKKAL,KERALA,545
S1181,UNNIKRISHNAN K N,Independent,THRIPUNITHURA,KERALA,544
S1127,DR.  ALPHONSA MATHEW TEACHER,Aam Aadmi Party,KOZHIKODE NORTH,KERALA,542
S1129,ANVER S/O MOIDEENKOYA,Independent,BEYPORE,KERALA,538
S1169,A.M. MUHAMMED RIYAS,Social Democratic Party Of India,KAIPAMANGALAM,KERALA,536
S1199,NOTA,None of the Above,CHANGANASSERY,KERALA,532
S11116,NOTA,None of the Above,KARUNAGAPPALLY,KERALA,525
S111,GEAN LAVINA MONTEIRO,Independent,MANJESHWAR,KERALA,523
S1172,WILSON KALLEN,Aam Aadmi Party,CHALAKUDY,KERALA,519
S1125,NOTA,None of the Above,BALUSSERI,KERALA,516
S1192,JOSEPH JACOB,Aam Aadmi Party,PEERUMADE,KERALA,508
S1124,NOTA,None of the Above,PERAMBRA,KERALA,507
S1193,ADV.RONY NEDUMPALLIL,Aam Aadmi Party,PALA,KERALA,506
S11134,PRADEEP KUMAR P,Independent,THIRUVANANTHAPURAM,KERALA,506
S11111,NOTA,None of the Above,THIRUVALLA,KERALA,504
S113,NOTA,None of the Above,UDMA,KERALA,504
S1144,P P NAVAS S/o KUNHIMUHAMED,Independent,TANUR,KERALA,502
S11101,NOTA,None of the Above,POONJAR,KERALA,498
S1114,NOTA,None of the Above,KUTHUPARAMBA,KERALA,495
S1131,NOTA,None of the Above,KODUVALLY,KERALA,490
S1173,RAVI A K,Bahujan Samaj Party,KODUNGALLUR,KERALA,488
S1126,P.M.SREEKUMAR,Socialist Unity Centre Of India (COMMUNIST),ELATHUR,KERALA,481
S1165,JITHIN SADANANDHAN,Aam Aadmi Party,WADAKKANCHERY,KERALA,478
S11106,JAISAPPAN MATHAI,Independent,KUTTANAD,KERALA,471
S11139,KATTACHALKUZHI.M.SUGATHAN,Socialist Republican Party,KOVALAM,KERALA,469
S1134,KRISHNAN THACHANNAN,Bahujan Samaj Party,ERNAD,KERALA,467
S1163,PAULY GURUVAYUR,Aam Aadmi Party,GURUVAYOOR,KERALA,466
S11107,NOTA,None of the Above,HARIPAD,KERALA,465
S11134,ADV. SEN,Bahujan Samaj Party,THIRUVANANTHAPURAM,KERALA,463
S11139,N.JAYARAJAN,Independent,KOVALAM,KERALA,459
S1152,MUHAMMED ASHARAF V.H,Independent,OTTAPPALAM,KERALA,459
S1132,NOTA,None of the Above,THIRUVAMBADI,KERALA,458
S1196,BINOY JOSEPH KULATHUNKAL,Bahujan Samaj Party,ETTUMANOOR,KERALA,455
S11103,NANDAKUMAR,Independent,CHERTHALA,KERALA,455
S111,NOTA,None of the Above,MANJESHWAR,KERALA,455
S1129,ANVER S/O ENUNNI,Independent,BEYPORE,KERALA,448
S1155,RAMNATH C,Bahujan Samaj Party,MALAMPUZHA,KERALA,448
S1173,DR. K M FRANCIS ROY,Aam Aadmi Party,KODUNGALLUR,KERALA,447
S1118,BENADICT,Bahujan Samaj Party,SULTHANBATHERY,KERALA,447
S1119,RADHAKRISHNAN M,Independent,KALPETTA,KERALA,446
S11125,NOUSHAD A   S/O.ALIYARU KUNJU,Independent,ERAVIPURAM,KERALA,443
S1123,NOTA,None of the Above,QUILANDY,KERALA,442
S1133,KEERAN N.K,Bahujan Samaj Party,KONDOTTY,KERALA,441
S1156,UDAYAN SUKUMARAN,Aam Aadmi Party,PALAKKAD,KERALA,437
S11138,NOBIL M. D,Bahujan Samaj Party,KATTAKKADA,KERALA,433
S1116,ADV. HENSTION GEORGE,Aam Aadmi Party,PERAVOOR,KERALA,431
S11110,B. PRANEESH,Socialist Unity Centre Of India (COMMUNIST),CHENGANNUR,KERALA,429
S11126,SINDHU PUTHENKULAM,Democratic Human Rights Movement Party,CHATHANNOOR,KERALA,428
S1192,K MURALI,Bahujan Samaj Party,PEERUMADE,KERALA,425
S1181,KARTHIKEYAN,Bahujan Samaj Party,THRIPUNITHURA,KERALA,424
S119,M J MATHEW,Social Democratic Party Of India,IRIKKUR,KERALA,417
S1149,NOTA,None of the Above,THRITHALA,KERALA,409
S11130,SUJILAL B G,Bahujan Samaj Party,NEDUMANGAD,KERALA,408
S1158,N S K PURAM SASIKUMAR,Independent,CHITTUR,KERALA,408
S11118,MANTHARA  VELAYUDHAN,Independent,KUNNATHUR,KERALA,404
S1176,HAKHIKHATH HAMEED,Aam Aadmi Party,ALUVA,KERALA,403
S11114,ADV VARUGHESE OOMMEN,Independent,KONNI,KERALA,400
S1185,T C RAMANAN,Socialist Unity Centre Of India (COMMUNIST),PIRAVOM,KERALA,397
S1131,SUNIL MANNATH,Republican Party of India (Athawale),KODUVALLY,KERALA,397
S11128,SUNITHA KILIMANOOR,Democratic Human Rights Movement Party,ATTINGAL,KERALA,397
S1120,NOTA,None of the Above,VADAKARA,KERALA,394
S1121,NOTA,None of the Above,KUTTIADI,KERALA,390
S11119,MAMACHAN DANIEL,Aam Aadmi Party,KOTTARAKKARA,KERALA,386
S11122,AJI KADASSERY,Democratic Human Rights Movement Party,CHADAYAMANGALAM,KERALA,381
S1184,MANIKUTTAN A. T.,Bahujan Samaj Party,KUNNATHUNAD,KERALA,380
S1181,SANDEEP RAJENDRAPRASAD,Independent,THRIPUNITHURA,KERALA,376
S1116,NOTA,None of the Above,PERAVOOR,KERALA,375
S1144,SAMEER T,Independent,TANUR,KERALA,373
S11139,ADV.SABU.S.PHILIP,Independent,KOVALAM,KERALA,372
S1165,SUBRAMANIAN PENAKAM,Bahujan Samaj Party,WADAKKANCHERY,KERALA,368
S118,ABDUL SALAM K P,Independent,TALIPARAMBA,KERALA,366
S11103,A.P. PRASAD S/O PURUSHOTHAMAN,Independent,CHERTHALA,KERALA,366
S11118,T. SASIDHARAN,Socialist Unity Centre Of India (COMMUNIST),KUNNATHUR,KERALA,366
S1144,MUHAMMED SAMEER NARUNGEL PARAMBIL HOUSE,Independent,TANUR,KERALA,365
S1119,SIDHEEQUE S/O KUNJAMMAD,Independent,KALPETTA,KERALA,360
S1171,P C PUSHPAKARAN,Bahujan Samaj Party,PUDUKKAD,KERALA,359
S1154,SHAMSUDHEEN S/O MUHAMMED,Independent,MANNARKKAD,KERALA,358
S1155,K PRASAD,Socialist Unity Centre Of India (COMMUNIST),MALAMPUZHA,KERALA,355
S1147,ABDUL JALEEL K T S/O MOIDEEN K T,Independent,THAVANUR,KERALA,349
S1126,ABDUL BASITH ATHOLI,Aam Aadmi Party,ELATHUR,KERALA,348
S1156,KRISHNANKUTTY K,Bahujan Samaj Party,PALAKKAD,KERALA,348
S1119,ANILKUMAR S/O UNNI NAIR,Independent,KALPETTA,KERALA,347
S11113,PRABHAKARAN V. R,Bahujan Samaj Party,ARANMULA,KERALA,347
S1179,MOHANDAS,Aam Aadmi Party,VYPEN,KERALA,342
S1145,KABEER ALIAS SHAMEER KUTTUR,Aam Aadmi Party,TIRUR,KERALA,340
S11137,ADV. DHANUVACHAPURAM THANKACHAN,Bahujan Samaj Party,PARASSALA,KERALA,340
S1169,MANOJ M.M.,Communist Party of India (Marxist-Leninist) Red Star,KAIPAMANGALAM,KERALA,335
S11112,SREEHARI K P,Independent,RANNI,KERALA,333
S1185,SABU K ERAMATH,Independent,PIRAVOM,KERALA,333
S1199,ARAVIND V,Socialist Unity Centre Of India (COMMUNIST),CHANGANASSERY,KERALA,331
S1177,SIYAD V A,Bahujan Samaj Party,KALAMASSERY,KERALA,331
S1159,SANKARANARAYANAN R,Independent,NEMMARA,KERALA,330
S1164,DR UNNIKRISHNAN CHIRAYATH,Aam Aadmi Party,MANALUR,KERALA,330
S1178,P.K.RAJESH,Bahujan Samaj Party,PARAVUR,KERALA,328
S11140,SURENDRANATHAN. K,Bahujan Samaj Party,NEYYATTINKARA,KERALA,327
S1119,K V PRAKASH,Communist Party of India (Marxist-Leninist) Red Star,KALPETTA,KERALA,325
S1193,C G BABU,Independent,PALA,KERALA,325
S1148,NOUSHADALI,Independent,PONNANI,KERALA,324
S1180,AJEESH P.E,Independent,KOCHI,KERALA,318
S11137,SHAJU PALIYODU,Independent,PARASSALA,KERALA,318
S1129,ANVER S/O SULAIKHA K P,Independent,BEYPORE,KERALA,318
S11102,N.K. SASIKUMAR,Socialist Unity Centre Of India (COMMUNIST),AROOR,KERALA,317
S1140,ABDULSALAM.K.P,Independent,MALAPPURAM,KERALA,315
S1122,VASANTHA,Independent,NADAPURAM,KERALA,314
S1145,MOIDEEN KOOMULLI PARAMBIL,Independent,TIRUR,KERALA,312
S1172,ARUN EDATHADAN,Independent,CHALAKUDY,KERALA,311
S1129,MUHAMMED RIYAS P.C S/O AHAMMEDKUTTY P. C,Independent,BEYPORE,KERALA,308
S1141,K.M. SHAJI SHAIMALAYAM,Independent,VENGARA,KERALA,305
S11136,V. S. SIVAKUMAR S/O SIVADASAN,Independent,ARUVIKKARA,KERALA,303
S1177,A RAJEENA,Socialist Unity Centre Of India (COMMUNIST),KALAMASSERY,KERALA,301
S119,AMAL K T,Independent,IRIKKUR,KERALA,299
S11133,N. MURALI,Bahujan Samaj Party,VATTIYOORKAVU,KERALA,299
S1167,RANI ANTO,Aam Aadmi Party,THRISSUR,KERALA,299
S11132,T. S. RAJAN,Bahujan Samaj Party,KAZHAKOOTTAM,KERALA,298
S11137,DEEPUMON PARASSALA,Aam Aadmi Party,PARASSALA,KERALA,298
S1131,FIROSE K C S/O MOITHEENKUTTY,Independent,KODUVALLY,KERALA,298
S1187,SHIBU KALLEKKATTU,Independent,KOTHAMANGALAM,KERALA,297
S11102,VAYALAR RAJEEVAN,Bahujan Dravida Party,AROOR,KERALA,297
S11120,ANEESH KILIMANOOR,Democratic Human Rights Movement Party,PATHANAPURAM,KERALA,297
S11116,TWINKLE PRABHAKARAN,Socialist Unity Centre Of India (COMMUNIST),KARUNAGAPPALLY,KERALA,295
S118,SHYAMALA P D/O GOVINDAN P,Independent,TALIPARAMBA,KERALA,294
S11127,VINOD ELAKAMON,Democratic Human Rights Movement Party,VARKALA,KERALA,290
S11124,ADV. SINU.L.R,Aam Aadmi Party,KOLLAM,KERALA,290
S1159,RADHAKRISHNAN K,Independent,NEMMARA,KERALA,289
S1154,ABOOBACKER S/O AYISHA,Independent,MANNARKKAD,KERALA,289
S1182,ASHOKAN,Independent,ERANAKULAM,KERALA,287
S1131,BAVANKUTTY,Aam Aadmi Party,KODUVALLY,KERALA,286
S111,KANNUR ABDULLA MASTER,Independent,MANJESHWAR,KERALA,285
S1173,NANDAGOPAN VELLATHADI,Independent,KODUNGALLUR,KERALA,284
S118,KHAMARUDDEEN C V,Independent,TALIPARAMBA,KERALA,283
S1111,T.K. MOHANAN,Independent,KANNUR,KERALA,281
S1195,SUMAM P S,Bahujan Samaj Party,VAIKOM,KERALA,280
S11106,JOEMON JOSEPH SRAMPICKAL A. P. J. JUMAN V. S.,Independent,KUTTANAD,KERALA,280
S1148,SAKKEER S/O MUHAMMED,Independent,PONNANI,KERALA,279
S11109,SURESH NOORANAD,Ambedkarite Party of India,MAVELIKKARA,KERALA,278
S1196,ASHNA THAMBI,Socialist Unity Centre Of India (COMMUNIST),ETTUMANOOR,KERALA,277
S11122,G. JAYAN MOONLIGHT CHITHARA,Independent,CHADAYAMANGALAM,KERALA,277
S1130,SANTHOSH P. T,All India Hindustan Congress Party,KUNNAMANGALAM,KERALA,276
S1118,V.A RAMESAN,Socialist Unity Centre Of India (COMMUNIST),SULTHANBATHERY,KERALA,275
S11131,RATHEESH R,Democratic Human Rights Movement Party,VAMANAPURAM,KERALA,275
S1166,EDWIN BABU ALAPAT,Independent,OLLUR,KERALA,275
S1122,NOTA,None of the Above,NADAPURAM,KERALA,272
S1181,THOMAS PAUL KOMAROTH,Aam Aadmi Party,THRIPUNITHURA,KERALA,272
S1193,SANTHOSH PULICKAL,Independent,PALA,KERALA,272
S1125,SOORAJ K S/O ASOKAN,Independent,BALUSSERI,KERALA,272
S1171,ANIFA V K,Independent,PUDUKKAD,KERALA,271
S11123,RAHUL R.,Socialist Unity Centre Of India (COMMUNIST),KUNDARA,KERALA,269
S1122,PADMAKUMAR,Independent,NADAPURAM,KERALA,269
S1190,JOMON JOHN,Independent,THODUPUZHA,KERALA,267
S11120,JYOTHISH KUMAR M,Independent,PATHANAPURAM,KERALA,266
S1185,RENNY MATHEW,Independent,PIRAVOM,KERALA,265
S11136,R. STEEPHEN S/O RAFI,Independent,ARUVIKKARA,KERALA,264
S11138,ADV. JAYAKUMAR THEERTHAM,Communist Party of India (Marxist-Leninist) (Liberation),KATTAKKADA,KERALA,262
S1179,T. C. SUBRAHMANYAN,Communist Party of India (Marxist-Leninist) Red Star,VYPEN,KERALA,262
S1158,SUMESH C,Independent,CHITTUR,KERALA,261
S11132,DEEBIKA KARIMANAL,Democratic Human Rights Movement Party,KAZHAKOOTTAM,KERALA,260
S1170,DR. ANISH,Independent,IRINJALAKUDA,KERALA,259
S115,SANDEEP ELATT,Independent,TRIKARIPUR,KERALA,258
S1154,SHAMSUDHEEN S/O UMMER,Independent,MANNARKKAD,KERALA,257
S1199,PROF.DR.SAJU KANNANTHARA,Aam Aadmi Party,CHANGANASSERY,KERALA,256
S1119,T K UMMER,Independent,KALPETTA,KERALA,256
S1111,SURESH KUMAR,Bharatheeya Jawan Kisan Party,KANNUR,KERALA,255
S1193,SANTHOSH NADOOPPARAMPIL,Bahujan Samaj Party,PALA,KERALA,254
S1114,RAFEED A P,Aam Aadmi Party,KUTHUPARAMBA,KERALA,254
S11103,RAJENDRA PRASAD S/O PRABHAKARAN,Independent,CHERTHALA,KERALA,249
S1113,SAJU V P,Independent,THALASSERY,KERALA,240
S1138,ABDUL NAJEEB S/O MOHAMED,Independent,PERINTHALMANNA,KERALA,239
S11102,VIPIN,Independent,AROOR,KERALA,238
S11134,MANOMOHAN,Independent,THIRUVANANTHAPURAM,KERALA,237
S11119,WILFRED ZACHARIAS,Bahujan Samaj Party,KOTTARAKKARA,KERALA,236
S1110,ABDUL KAREEM. V. V,Independent,AZHIKODE,KERALA,235
S1164,RAVINDRANATH K,Independent,MANALUR,KERALA,234
S1190,P T VARGHESE,Socialist Unity Centre Of India (COMMUNIST),THODUPUZHA,KERALA,234
S1177,RAJEEV S/O VAREED,Independent,KALAMASSERY,KERALA,233
S11107,VIDHYA V.P,Socialist Unity Centre Of India (COMMUNIST),HARIPAD,KERALA,231
S11106,RENJU T. R.,Independent,KUTTANAD,KERALA,231
S1140,SREEDHARAN,Independent,MALAPPURAM,KERALA,231
S1125,ABHIJITH,Independent,BALUSSERI,KERALA,230
S1111,M.K. SHAHAZAD,Socialist Unity Centre Of India (COMMUNIST),KANNUR,KERALA,229
S11113,RADHAMANI,Socialist Unity Centre Of India (COMMUNIST),ARANMULA,KERALA,229
S1138,MOHAMMED HANEEFA P S/O ALAVI,Independent,PERINTHALMANNA,KERALA,228
S1172,A D BIJU,Independent,CHALAKUDY,KERALA,228
S1130,ABDUL RAZAK S/O KOYAKUTTY,Independent,KUNNAMANGALAM,KERALA,227
S1110,RESHMI RAVI,Socialist Unity Centre Of India (COMMUNIST),AZHIKODE,KERALA,227
S11134,A SABOORA,Socialist Unity Centre Of India (COMMUNIST),THIRUVANANTHAPURAM,KERALA,227
S1174,MOHANAN M A,Independent,PERUMBAVOOR,KERALA,226
S1145,DR.S.ALEENA,Socialist Unity Centre Of India (COMMUNIST),TIRUR,KERALA,224
S1175,P V RAJEESH,Socialist Unity Centre Of India (COMMUNIST),ANGAMALY,KERALA,220
S11111,AJU ALEX,Independent,THIRUVALLA,KERALA,220
S1122,ABHIJITH S/O BALAN,Independent,NADAPURAM,KERALA,218
S1163,C. R. UNNIKRISHNAN,Socialist Unity Centre Of India (COMMUNIST),GURUVAYOOR,KERALA,218
S1111,RAMACHANDRAN KUNIYIL,Independent,KANNUR,KERALA,216
S1131,ABDUL SHUKOOR,Independent,KODUVALLY,KERALA,212
S1118,BALAKRISHNAN EDAKKAL,Independent,SULTHANBATHERY,KERALA,212
S111,SANJEEVA,Bahujan Samaj Party,MANJESHWAR,KERALA,212
S1184,VAZHAKULAM BHASI,Independent,KUNNATHUNAD,KERALA,212
S1115,SANOJ                           S/O KUNHIRAMAN K,Independent,MATTANNUR,KERALA,210
S11134,KARTHIKA DEVI M,Janam Rashtriya Party,THIRUVANANTHAPURAM,KERALA,210
S1122,K.M. ABHIJITH S/O ASHOKAN,Independent,NADAPURAM,KERALA,207
S1188,RAJENDRAN .V. B,Bahujan Samaj Party,DEVIKULAM,KERALA,206
S11101,ABHIRAM BABU,Independent,POONJAR,KERALA,205
S1130,MAVOOR MUHAMMED ALI,Independent,KUNNAMANGALAM,KERALA,205
S1196,RAJMOHAN VETTIKULANGARA UNNI,Independent,ETTUMANOOR,KERALA,205
S1138,HANEEFA,Independent,PERINTHALMANNA,KERALA,205
S111,D SURENDRAN NAIR,Independent,MANJESHWAR,KERALA,203
S1130,RAHEEM P S/O MOIDHEEN,Independent,KUNNAMANGALAM,KERALA,202
S1129,ANWAR ALI HASSAN S/O KUTTYHASSAN,Independent,BEYPORE,KERALA,201
S1120,RAMA T P W/O ASHOKAN P K,Independent,VADAKARA,KERALA,200
S1178,K.B.SATHEESAN,Independent,PARAVUR,KERALA,200
S1118,RAJESH R M,Independent,SULTHANBATHERY,KERALA,198
S118,C BALAKRISHNAN YADAV,Independent,TALIPARAMBA,KERALA,198
S1123,ADV. PRAVEEN,Independent,QUILANDY,KERALA,198
S1148,SAGEER M.K,Independent,PONNANI,KERALA,197
S1155,SAJI PJ,Aam Aadmi Party,MALAMPUZHA,KERALA,197
S1188,SELVI,Independent,DEVIKULAM,KERALA,194
S1123,MUSTHAFA P K (PADINJARE KUNIYOTH),Aam Aadmi Party,QUILANDY,KERALA,193
S1156,SHAMSUDHEEN B.,Independent,PALAKKAD,KERALA,193
S1112,VADI HAREENDRAN,Independent,DHARMADAM,KERALA,193
S1187,SHIBU CHALAKATTU,Independent,KOTHAMANGALAM,KERALA,192
S1123,PRAVEEN KUMAR S/O SANKARAN NAIR,Independent,QUILANDY,KERALA,192
S113,KUNHAMPU P P S/O RAMAN,Independent,UDMA,KERALA,191
S1116,SUNNY JOSEPH MUTHUKULATHEL,Independent,PERAVOOR,KERALA,191
S1156,REGHU M,Independent,PALAKKAD,KERALA,191
S11103,ADV. SONNYMON K .MATHEW,Independent,CHERTHALA,KERALA,190
S1149,ADV KEERTHI JAYANANDHAN,Bahujan Samaj Party,THRITHALA,KERALA,188
S1132,MUHAMMED KASIM,Independent,THIRUVAMBADI,KERALA,186
S1131,FIROSE S/O ABOOBACKER MUSALIAR,Independent,KODUVALLY,KERALA,185
S1120,BHASKARAN K K S/O KELAPPAN,Independent,VADAKARA,KERALA,185
S1164,PRATHAPAN(S/O AYYAPPAN),Independent,MANALUR,KERALA,184
S1131,LAKSHMANAN K P THAMARASSERY,Independent,KODUVALLY,KERALA,184
S11134,BINDHU MENON L R,Independent,THIRUVANANTHAPURAM,KERALA,177
S1127,JAYANTH S S/O SADANANDAN,Independent,KOZHIKODE NORTH,KERALA,174
S11131,MURALEEDHARAN NAIR G,Independent,VAMANAPURAM,KERALA,173
S1197,RALESH CHANDRAN,Socialist Unity Centre Of India (COMMUNIST),KOTTAYAM,KERALA,171
S11130,SHIBU G,Democratic Human Rights Movement Party,NEDUMANGAD,KERALA,171
S1178,G.GOKULDEV,Independent,PARAVUR,KERALA,171
S115,MUSTHAFA P P S/O NAFEESA P P,Independent,TRIKARIPUR,KERALA,169
S1114,MOHANAN K P,Independent,KUTHUPARAMBA,KERALA,169
S11139,VENGANOOR ASOKAN,Independent,KOVALAM,KERALA,169
S1134,MUJEEB RAHMAN,Independent,ERNAD,KERALA,166
S1132,DR. WILSON ROCKEY,Independent,THIRUVAMBADI,KERALA,164
S11135,KARAMANA PRASAD,Socialist Unity Centre Of India (COMMUNIST),NEMOM,KERALA,163
S1179,SADASIVAN,Independent,VYPEN,KERALA,163
S1175,JOBY PAUL UPPAN,Independent,ANGAMALY,KERALA,163
S11104,JOSEPH CHACKO,Independent,ALAPPUZHA,KERALA,163
S1120,RAMA W/O VIJAYAN,Independent,VADAKARA,KERALA,162
S1127,JAYANTH KUMAR,Independent,KOZHIKODE NORTH,KERALA,160
S117,RAJEEVAN KANNOTH S/O KAMMARAN,Independent,KALLIASSERI,KERALA,160
S1195,ADV. P I JAYAKUMAR,Independent,VAIKOM,KERALA,158
S11140,BIBIN S.B,Independent,NEYYATTINKARA,KERALA,157
S1175,SUPHIL SEBASTIAN,Independent,ANGAMALY,KERALA,156
S1167,RAJAN. M,Independent,THRISSUR,KERALA,153
S1150,MUHAMMED MUHSIN. M. K MANJERIKUNNATH,Independent,PATTAMBI,KERALA,152
S1124,FATHIMATHU RUKSANA. P,Independent,PERAMBRA,KERALA,151
S1124,AKHIL KUMAR .A.M,Communist Party of India (Marxist-Leninist) Red Star,PERAMBRA,KERALA,151
S1148,SAKKEER S/O ILLYAS,Independent,PONNANI,KERALA,149
S1181,SATHEESAN,Socialist Unity Centre Of India (COMMUNIST),THRIPUNITHURA,KERALA,148
S11137,S ROBINSON E NADAR,Independent,PARASSALA,KERALA,148
S1115,CHANDRAN THENGALATH,Independent,MATTANNUR,KERALA,147
S11124,MYLODE SUDHAN,Bahujan Samaj Party,KOLLAM,KERALA,146
S11135,VINU K,Aam Aadmi Party,NEMOM,KERALA,146
S11111,ZEEN THOMAS,Independent,THIRUVALLA,KERALA,144
S11133,PRASANTH. K S/O. KARUNAKARAN.C,Independent,VATTIYOORKAVU,KERALA,143
S115,MUSTHAFA V P S/O MUHAMMED,Independent,TRIKARIPUR,KERALA,143
S1131,SALEEM MUTTANCHERY,Independent,KODUVALLY,KERALA,142
S1141,U.P. SHAJI ULLATTU PARAMBIL,Independent,VENGARA,KERALA,141
S1132,P K KASIM  S/O ABDULLAKKUTTY HAJI,Independent,THIRUVAMBADI,KERALA,141
S1124,FATHIMA NASRI. V,Independent,PERAMBRA,KERALA,140
S113,KUNHIRAMAN,Independent,UDMA,KERALA,138
S1167,ROSILIN CHACKO,Bahujan Samaj Party,THRISSUR,KERALA,138
S1197,SHAIJU KURIAN,Independent,KOTTAYAM,KERALA,137
S1187,FINTO XAVIER,Rashtravadi Janata Party,KOTHAMANGALAM,KERALA,137
S11101,MAYAMOL K P,Independent,POONJAR,KERALA,136
S1194,INDU,Independent,KADUTHURUTHY,KERALA,134
S1194,M.M.SCARIA,Independent,KADUTHURUTHY,KERALA,134
S1114,SHYLAJA,Independent,KUTHUPARAMBA,KERALA,133
S11133,EMIL B.S,Socialist Unity Centre Of India (COMMUNIST),VATTIYOORKAVU,KERALA,131
S1145,ABDURAHIMAN S/O KUNJEEN,Independent,TIRUR,KERALA,130
S11130,VEMBAYAM YESUDAS,Independent,NEDUMANGAD,KERALA,129
S1145,SIYAD KOODIYATH,Socialist Party (India),TIRUR,KERALA,125
S1110,SUMESH. T. P S/O GOVINDAN,Independent,AZHIKODE,KERALA,124
S1127,A SAJEENA,Socialist Unity Centre Of India (COMMUNIST),KOZHIKODE NORTH,KERALA,124
S1124,RENJITH MALAYIL,Aam Aadmi Party,PERAMBRA,KERALA,124
S1195,PRADEEP S/O KUTTAPPAN,Independent,VAIKOM,KERALA,123
S1198,SABU MYLAKKADAN,Janam Rashtriya Party,PUTHUPPALLY,KERALA,122
S11139,KIRAN S PILLAI,Independent,KOVALAM,KERALA,122
S1131,SALEEM C K,Independent,KODUVALLY,KERALA,121
S11136,ADV. S. SIVAKUMAR S/O SADASIVAN,Independent,ARUVIKKARA,KERALA,118
S1164,SIVAPRASAD GANDHI K M,Indian Gandhiyan Party,MANALUR,KERALA,118
S1112,VIJAYAN A.M S/O KUNHIRAMAN,Independent,DHARMADAM,KERALA,117
S11119,SURESH. G,Equality Party of India,KOTTARAKKARA,KERALA,117
S11104,ALLEPPEY SUGUNAN,Independent,ALAPPUZHA,KERALA,117
S1126,ADV.SUMIN.S.NEDUNGADAN,Independent,ELATHUR,KERALA,117
S1114,SHAHUL HAMEED,Independent,KUTHUPARAMBA,KERALA,115
S1195,T M BOSE,Socialist Unity Centre Of India (COMMUNIST),VAIKOM,KERALA,115
S1110,KAREEM CHANDROTH,Independent,AZHIKODE,KERALA,115
S1121,KUNHAMMADKUTTY,Independent,KUTTIADI,KERALA,114
S1138,NAJEEB,Independent,PERINTHALMANNA,KERALA,113
S113,NASEER,Independent,UDMA,KERALA,111
S1167,ARSHED AZIZ,Communist Party of India (Marxist-Leninist) (Liberation),THRISSUR,KERALA,110
S1116,SAILAJA. A. V,Independent,PERAVOOR,KERALA,109
S1131,SAJIR K,Independent,KODUVALLY,KERALA,107
S1110,SUMESH KUMAR. K,Independent,AZHIKODE,KERALA,106
S1150,HARIS BABU PAILIPPURAM,Independent,PATTAMBI,KERALA,104
S1170,AYYAPPAN MANAKKAL,Independent,IRINJALAKUDA,KERALA,100
S1123,DASAN S/O KUNHIKELU,Independent,QUILANDY,KERALA,99
S11104,JYOTHI ABRAHAM,Independent,ALAPPUZHA,KERALA,98
S11132,K. SURENDRAN,Independent,KAZHAKOOTTAM,KERALA,97
S11127,HARIKRISHNAN S G,Independent,VARKALA,KERALA,97
S1175,SUBRAN,Independent,ANGAMALY,KERALA,96
S11130,ANVAR SADATH,Independent,NEDUMANGAD,KERALA,95
S1121,ABDULLA,Independent,KUTTIADI,KERALA,95
S11113,OMALLOOR RAMACHANDRAN,Ambedkarite Party of India,ARANMULA,KERALA,95
S1120,RAMAKRISHNAN VATTAKANDI,Independent,VADAKARA,KERALA,94
S11130,KUMAR,Independent,NEDUMANGAD,KERALA,93
S1149,T T BALARAMAN,Independent,THRITHALA,KERALA,91
S1188,CHELLADURAI .M,Independent,DEVIKULAM,KERALA,89
S1113,RAJAN O P,Independent,THALASSERY,KERALA,89
S1131,SHAHEEDA C P,Independent,KODUVALLY,KERALA,88
S1116,ARUVIKKAL KRISHNAN,Communist Party of India (Marxist-Leninist) (Liberation),PERAVOOR,KERALA,86
S1150,SHAJIMON,Independent,PATTAMBI,KERALA,86
S11135,RAJEEV KUMAR G S,Independent,NEMOM,KERALA,84
S1198,RIJOMON MATHEW,Independent,PUTHUPPALLY,KERALA,83
S1149,BALARAMAN,Independent,THRITHALA,KERALA,81
S111,ABDUL LATHEEF I,Independent,MANJESHWAR,KERALA,79
S111,MOHAMMAD ASHRAF PAPPIYAR HOUSE,Independent,MANJESHWAR,KERALA,78
S1149,ABBAS,Independent,THRITHALA,KERALA,77
S1181,RAJKUMAR,Independent,THRIPUNITHURA,KERALA,77
S1149,RAJESH S/O RAMANKUTTY,Independent,THRITHALA,KERALA,74
S11101,SANTHOSH JOSEPH,Independent,POONJAR,KERALA,73
S1124,T.M. RAMAKRISHNAN S/O NARAYANAN NAIR,Independent,PERAMBRA,KERALA,72
S1164,P V CHANDRAN,Independent,MANALUR,KERALA,71
S1164,SUJITH,Independent,MANALUR,KERALA,70
S1113,RAJAN V P,Independent,THALASSERY,KERALA,69
S11107,SOUMYA V.SASIDHARAN,Independent,HARIPAD,KERALA,69
S11137,SIMIYON L P,Independent,PARASSALA,KERALA,68
S1116,C. SHYLAJA,Independent,PERAVOOR,KERALA,68
S11132,SREEKANTAN NAIR V.,Independent,KAZHAKOOTTAM,KERALA,68
S1127,RAVEENDRANATHAN NAIR,Independent,KOZHIKODE NORTH,KERALA,68
S1199,DR.KALKI P,Independent,CHANGANASSERY,KERALA,67
S1124,P.K. BIJU MASTER,Independent,PERAMBRA,KERALA,66
S1116,SUNNY,Independent,PERAVOOR,KERALA,66
S11133,SREEKANTAN NAIR V,Independent,VATTIYOORKAVU,KERALA,66
S11135,KAMALESWARAM HARI,Independent,NEMOM,KERALA,64
S111,MOHAMMED ASHRAF K A C. M. HOUSE,Independent,MANJESHWAR,KERALA,64
S1124,K. RAMAKRISHNAN S/O GOVINDAN NAIR,Independent,PERAMBRA,KERALA,62
S11133,MURALIDHARAN. P S/O. K. PONNAN,Independent,VATTIYOORKAVU,KERALA,62
S11107,RAMESH C,Independent,HARIPAD,KERALA,59
S11127,VIVEKANANDAN K,Independent,VARKALA,KERALA,59
S1199,JOEMON JOSEPH SRAMPICKAL A P J JUMAN V S,Independent,CHANGANASSERY,KERALA,57
S11135,SASIKALA,Independent,NEMOM,KERALA,57
S1127,RAVEENDRAN S/O ARUMUGHAN,Independent,KOZHIKODE NORTH,KERALA,57
S11127,SAJU,Independent,VARKALA,KERALA,57
S1145,ABDURAHIMAN S/O KUNJAVA,Independent,TIRUR,KERALA,57
S1127,RAVEENDRAN S/O THEYYATHIRA,Independent,KOZHIKODE NORTH,KERALA,55
S1138,ABDUL NAJEEB S/O VEERAPPU,Independent,PERINTHALMANNA,KERALA,54
S11135,SUBI S M,The Future India Party,NEMOM,KERALA,53
S11135,MADANAN S,Independent,NEMOM,KERALA,48
S11127,KANNAN M K,Independent,VARKALA,KERALA,47
S111,JOHN D SOUZA I,Independent,MANJESHWAR,KERALA,46
S1116,NARAYANA KUMAR,Independent,PERAVOOR,KERALA,45
S1199,JOSE JOSEPH,Janam Rashtriya Party,CHANGANASSERY,KERALA,43
S1116,VENUGOPALAN. C,Independent,PERAVOOR,KERALA,26
