candidate,party,constituency,runner_up_vote_percentage
DR. V P P MUSTAFA,Communist Party of India (Marxist),TRIKARIPUR,46.040
LINTO JOSEPH,Communist Party of India (Marxist),THIRUVAMBADI,44.930
T. P. RAMAKRISHNAN,Communist Party of India (Marxist),PERAMBRA,44.360
T. I. MADHUSOODANAN,Communist Party of India (Marxist),PAYYANNUR,44.340
K B GANESH KUMAR,Kerala Congress (B),PATHANAPURAM,43.570
ADV.  KAREEM CHELERI,Indian Union Muslim League,AZHIKODE,43.530
K. P. KUNHAMMEDKUTTY MASTER,Communist Party of India (Marxist),KUTTIADI,43.390
PROF SATHEESH KOCHUPARAMBIL,Indian National Congress,KONNI,43.230
ADV.P. AISHA POTTY,Indian National Congress,KOTTARAKKARA,42.270
P T AJAY MOHAN,Indian National Congress,KUNNAMKULAM,42.250
JAYANTHI RAJAN,Indian Union Muslim League,KUTHUPARAMBA,42.120
A. THANKAPPAN,Indian National Congress,NEMMARA,42.000
M.NOUSHAD,Communist Party of India (Marxist),ERAVIPURAM,41.980
M B RAJESH,Communist Party of India (Marxist),THRITHALA,41.950
K K SHAILAJA TEACHER,Communist Party of India (Marxist),PERAVOOR,41.890
K.J. MAXY,Communist Party of India (Marxist),KOCHI,41.780
T. P. SHAJI,Indian National Congress,PATTAMBI,41.680
ADV.M.K SAKKEER,Communist Party of India (Marxist),PONNANI,41.620
V.ABDURAHIMAN,Communist Party of India (Marxist),TIRUR,41.290
MURALEEDHARAN NAIR D K,Communist Party of India (Marxist),VAMANAPURAM,41.190
P K SHYAMALA TEACHER,Communist Party of India (Marxist),TALIPARAMBA,41.000
C H KUNHAMBU,Communist Party of India (Marxist),UDMA,40.960
P PRADEEP,Communist Party of India,VAIKOM,40.860
ANTONY JOHN,Communist Party of India (Marxist),KOTHAMANGALAM,40.710
ADV. K.M. SACHINDEV,Communist Party of India (Marxist),BALUSSERI,40.680
ADV. PRAMOD NARAYAN,Kerala Congress (M),RANNI,40.620
O R KELU,Communist Party of India (Marxist),MANANTHAVADY,40.530
ADV. A. RAJA,Communist Party of India (Marxist),DEVIKULAM,40.450
ADV.P. VASANTHAM,Communist Party of India,NADAPURAM,40.360
DALEEMA,Communist Party of India (Marxist),AROOR,40.220
V. S. SIVAKUMAR,Indian National Congress,ARUVIKKARA,40.210
P V ANVAR S/O SHOUKATHALI,Independent,BEYPORE,40.160
ADV. SHAJI J KODANKANDATH,Indian National Congress,OLLUR,40.020
K.R. RAJENDRA PRASAD,Indian National Congress,CHERTHALA,39.910
ADV. V. MURUGADAS,Indian Socialist Janata Dal,CHITTUR,39.800
P.N. VAISAKH,Indian National Congress,WADAKKANCHERY,39.740
ADV. K.SANTHAKUMARI,Communist Party of India (Marxist),KONGAD,39.710
DR. K T JALEEL,Independent,THAVANUR,39.670
J. CHINCHURANI,Communist Party of India,CHADAYAMANGALAM,39.670
CHANDRAN THILLANKERI,Indian National Congress,MATTANNUR,39.610
C. H. RASHEED,Indian Union Muslim League,GURUVAYOOR,39.540
K M FEBIN,Indian National Congress,ALATHUR,39.490
ADV. RAJEEVAN KAPPACHERI,Indian National Congress,KALLIASSERI,39.400
P RAJEEVE,Communist Party of India (Marxist),KALAMASSERY,39.360
K. DASAN,Communist Party of India (Marxist),QUILANDY,39.350
ADV. JOB MAICHIL,Kerala Congress (M),CHANGANASSERY,39.310
ADV.U.PRATHIBHA,Communist Party of India (Marxist),KAYAMKULAM,39.300
DR.SUJITH VIJAYANPILLAI,Independent,CHAVARA,39.160
K M BABURAJAN,Indian National Congress,PUDUKKAD,39.100
V.P MOHAMMED HANEEFA,Communist Party of India (Marxist),PERINTHALMANNA,38.940
T.M. NAZAR,Indian National Congress,KAIPAMANGALAM,38.850
K. ANSALAN,Communist Party of India (Marxist),NEYYATTINKARA,38.760
ADV. V.P ABDUL RASHEED,Indian National Congress,DHARMADAM,38.660
M K BHASKARAN,Rashtriya Janata Dal,VADAKARA,38.590
VARKALA KAHAR,Indian National Congress,VARKALA,38.570
SABAH KUNDUPUZHAKKAL,Independent,VENGARA,38.490
ADV. V R SUNIL KUMAR,Communist Party of India,KODUNGALLUR,38.440
MANZIL ABOOBACKER,Communist Party of India,MANNARKKAD,38.340
ADV. M. B. SHYNI,Communist Party of India (Marxist),VYPEN,38.300
P.P.CHITHARANJAN,Communist Party of India (Marxist),ALAPPUZHA,38.090
T N PRATHAPAN,Indian National Congress,MANALUR,38.050
MOHAMED SAMEER T THIRUTHIYIL HOUSE,Independent,TANUR,37.640
MANOJ EDAMANA,Communist Party of India,CHIRAYINKEEZHU,37.550
ADV. P T A RAHIM,Independent,KUNNAMANGALAM,37.470
DR. N. JAYARAJ,Kerala Congress (M),KANJIRAPPALLY,37.410
PRIJI KANNAN,Communist Party of India,ADOOR,37.300
V SIVANKUTTY,Communist Party of India (Marxist),NEMOM,37.200
RAMACHANDRAN KADANNAPPALLI,Congress (Secular),KANNUR,37.050
K.K. JAYACHANDRAN,Communist Party of India (Marxist),UDUMBANCHOLA,36.990
A.K.SASEENDRAN S/O KUNJAMBU,Nationalist Congress Party - Sharadchandra Pawar,ELATHUR,36.850
DR.R.BINDU,Communist Party of India (Marxist),IRINJALAKUDA,36.830
SUBRAMANIAN K C,Indian National Congress,TARUR,36.790
SHAIJI OTTAPALLI,Kerala Congress,KANHANGAD,36.750
ROSHY AUGUSTINE,Kerala Congress (M),IDUKKI,36.390
E.T.TAISON MASTER,Communist Party of India,PARAVUR,36.390
V. N. VASAVAN,Communist Party of India (Marxist),ETTUMANOOR,36.060
ADV. MUTHARA RAJ,Indian National Congress,MAVELIKKARA,36.060
K SURENDRAN,Bharatiya Janata Party,MANJESHWAR,36.050
DR.K.K DAMODARAN,Communist Party of India (Marxist),WANDOOR,36.000
S. JAYAMOHAN,Communist Party of India (Marxist),KOLLAM,35.920
NOUSHAD YOUNUS,Indian Union Muslim League,PUNALUR,35.370
M S VISWANATHAN,Communist Party of India (Marxist),SULTHANBATHERY,35.230
SALEEM MADAVOOR,Independent,KODUVALLY,35.230
JOSE K MANI,Kerala Congress (M),PALA,35.190
KADAKAMPALLY SURENDRAN,Communist Party of India (Marxist),KAZHAKOOTTAM,35.060
NEYYATTINKARA SANAL,Indian National Congress,PARASSALA,34.920
ADV. BIJU S CHIRAYATH,Kerala Congress (M),CHALAKUDY,34.830
ADV.R.RAJENDRAN,Communist Party of India,CHATHANNOOR,34.820
THOTTATHIL RAVINDRAN,Communist Party of India (Marxist),KOZHIKODE NORTH,34.730
KUNNATH MOHAMED S/O ALI HAJI,Independent,MANKADA,34.680
ADV. SEBASTIAN KULATHUNKAL,Kerala Congress (M),POONJAR,34.670
ADV. ABI KURIAKOSE,Indian National Congress,CHENGANNUR,34.610
ADVOCATE A.M.ARIFF,Communist Party of India (Marxist),ALUVA,34.450
K SALIMKUMAR,Communist Party of India,PEERUMADE,34.270
KOVOOR  KUNJUMON,Kerala Revolutionary Socialist Party (Leninist- Marxist),KUNNATHUR,34.230
SAJU K P,Indian National Congress,THALASSERY,34.110
ADV. I. B. SATHEESH,Communist Party of India (Marxist),KATTAKKADA,33.990
ADV.SHAFEER KIZHISSERI,Communist Party of India,ERNAD,33.940
P.HARIGOVINDAN,Indian National Congress,SHORNUR,33.770
S. L. SAJIKUMAR,Communist Party of India (Marxist),KUNDARA,33.630
H. SALAM,Communist Party of India (Marxist),AMBALAPPUZHA,33.560
K N UNNIKRISHNAN,Communist Party of India (Marxist),THRIPUNITHURA,33.510
SOBHA SURENDRAN,Bharatiya Janata Party,PALAKKAD,33.330
ADV. V.K PRASANTH,Communist Party of India (Marxist),VATTIYOORKAVU,33.070
ADV. SUNIL LALOOR,Indian National Congress,NATTIKA,32.940
AHAMMAD DEVARKOVIL,Indian National League,KOZHIKODE SOUTH,32.760
VEENA GEORGE,Communist Party of India (Marxist),ARANMULA,32.450
ADV.M.S. THARA,Communist Party of India,KARUNAGAPPALLY,32.400
THOMAS K. THOMAS,Nationalist Congress Party - Sharadchandra Pawar,KUTTANAD,31.980
ADV. MATHEW KUNNAPPALLY,Kerala Congress (M),IRIKKUR,31.960
N ARUN,Communist Party of India,MUVATTUPUZHA,31.790
ASHWINI M L,Bharatiya Janata Party,KASARAGOD,31.740
BASIL PAUL,Kerala Congress (M),PERUMBAVOOR,31.620
SAJU PAUL,Communist Party of India (Marxist),ANGAMALY,31.580
NIRMALA JIMMY,Kerala Congress (M),KADUTHURUTHY,31.300
U SHARAFALI,Independent,NILAMBUR,30.980
T.T.JISMON,Communist Party of India,HARIPAD,30.940
DR. P. JIJI,Communist Party of India (Marxist),KONDOTTY,30.780
ANOOP ANTONY,Bharatiya Janata Party,THIRUVALLA,30.610
ADV. P SUDHEER,Bharatiya Janata Party,ATTINGAL,30.540
ADV. P. V. SREENIJIN,Communist Party of India (Marxist),KUNNATHUNAD,30.430
BHAGATH RUFUS,Independent,KOVALAM,30.250
P K ANIL KUMAR,Rashtriya Janata Dal,KALPETTA,30.180
C KRISHNAKUMAR,Bharatiya Janata Party,MALAMPUZHA,30.130
MEENANKAL KUMAR,Indian National Congress,NEDUMANGAD,29.970
SUDHIR KARAMANA,Independent,THIRUVANANTHAPURAM,29.650
SABU K JACOB,Kerala Congress (M),PIRAVOM,29.440
V.M. MUSTHAFA,Independent,MANJERI,29.330
PREETHI KONCHATH,Communist Party of India (Marxist),KOTTAKKAL,29.010
ADV.K. ANILKUMAR,Communist Party of India (Marxist),KOTTAYAM,28.930
SIVADASAN (SIVAN VEETTIKUNNU),Independent,CHELAKKARA,28.620
P.K SASI P.K.S S/O PADMINI AMMA,Independent,OTTAPPALAM,28.560
CYRIAC CHAZHIKADAN,Kerala Congress (M),THODUPUZHA,27.710
AJITH KOLADI,Communist Party of India,TIRURANGADI,27.510
ADV. MUSTHAFA,Independent,VALLIKUNNU,27.310
ALANKODE LEELAKRISHNAN,Communist Party of India,THRISSUR,26.970
K. M. RADHAKRISHNAN,Communist Party of India (Marxist),PUTHUPPALLY,24.280
ADV. PUSHPA DAS,Communist Party of India (Marxist),THRIKKAKARA,23.610
K.T. MUJEEB RAHMAN,Nationalist Congress Party - Sharadchandra Pawar,MALAPPURAM,23.520
SABU GEORGE,Independent,ERANAKULAM,23.330
